musteri_id,toplam_harcama,ort_harcama,harcama_std,alisveris_sayisi,toplam_urun,ort_urun_miktari,ort_birim_fiyat,max_birim_fiyat,min_birim_fiyat,kategori_cesitliligi,urun_cesitliligi,aktif_gun_sayisi,gece_alisverisi,hafta_sonu_orani,gunluk_alisveris,sepet_buyuklugu,iso_anomali,lof_anomali,dbscan_anomali,anomali_vote,final_anomali,anomali_tipi,toplam_harcama_z,sepet_buyuklugu_z,gunluk_alisveris_z,ort_birim_fiyat_z,gece_alisverisi_z,severity_score,severity_level
100,297.83000000000004,37.228750000000005,94.03448614167344,8,25.759,3.219875,5.4925,17.99,0.6,4,7,3,0,0.0,2.0,3.219875,-1,1,-1,2,1,Büyük Sepet,3.347724289458481,1.8058786051633415,0.2230783642297849,0.4999683252218018,,1.4691623960183524,Düşük
1001243,234.2,16.728571428571428,41.9389290162847,14,59.165,4.226071428571428,3.1885714285714286,6.5,0.5,5,12,54,0,0.35714285714285715,0.2545454545454545,4.226071428571428,-1,1,-1,2,1,Büyük Sepet,2.4926422202401515,2.7520796305819033,0.33463467760616333,0.27287763329715214,,1.4630585404313425,Düşük
100479,180.53,3.4717307692307693,4.880730305830304,52,54.01,1.0386538461538461,3.5646153846153843,20.9,0.35,7,32,0,0,0.0,52.0,1.0386538461538461,-1,1,-1,2,1,Sık Alışveriş,1.7714060949070116,0.2452851972804055,16.19923320848872,0.1467348113112056,,4.590664827996836,Yüksek
1005030,32.65,1.7184210526315788,0.8270111053795182,19,56.0,2.9473684210526314,0.7315789473684211,1.95,0.25,2,16,0,0,0.0,19.0,2.9473684210526314,-1,-1,1,2,1,"Büyük Sepet, Sık Alışveriş",0.2158567747457695,1.5496204858621356,5.654971011277822,1.0970684232189882,,2.129379173776179,Orta
1005394,421.02,16.193076923076923,13.68442962471751,26,102.032,3.9243076923076923,5.415384615384616,13.95,0.4,5,24,53,0,0.07692307692307693,0.48148148148148145,3.9243076923076923,-1,1,-1,2,1,Büyük Sepet,5.003194352432013,2.468308839333647,0.26212337548474574,0.4741001997604817,,2.0519316917527215,Orta
1007669,196.8,2.555844155844156,2.7288412571954375,77,82.664,1.0735584415584416,2.662987012987013,18.5,0.5,5,58,38,0,0.025974025974025976,1.9743589743589745,1.0735584415584416,-1,-1,1,2,1,Kompleks Anomali,1.9900480132817124,0.2124618210232081,0.21488546430965214,0.4491833558279061,,0.7166446636106196,Düşük
1008831,5.0,5.0,,1,20.0,20.0,0.25,0.25,0.25,1,1,0,0,0.0,1.0,20.0,-1,1,-1,2,1,Büyük Sepet,0.587427090852744,17.585472957524463,0.0964447326553938,1.2586126428606235,,4.881989355973306,Yüksek
1020126,63.85,3.990625,5.390363585448883,16,17.585,1.0990625,5.41125,44.9,0.5,7,15,0,0,0.0,16.0,1.0990625,-1,-1,1,2,1,Sık Alışveriş,0.2034196759789179,0.18847846592026912,4.696401720622287,0.47271325537789205,,1.3902532794748415,Düşük
1023868,75.88,37.94,27.563022330651627,2,3.886,1.943,19.174999999999997,19.9,18.45,2,2,0,0,0.0,2.0,1.943,-1,-1,1,2,1,Lüks Alışveriş,0.36508299976795594,0.6051384713043204,0.2230783642297849,5.089722086936209,,1.5707554805595676,Düşük
1028022,224.79,28.09875,47.04947561192518,8,36.0,4.5,3.77375,6.95,0.5,3,7,37,0,0.625,0.21052631578947367,4.5,-1,1,-1,2,1,Büyük Sepet,2.3661873676337635,3.009674954732626,0.34869980914369275,0.07658122916859743,,1.4502858401696697,Düşük
10331,552.64,69.08,96.95127524395215,8,34.855999999999995,4.356999999999999,17.31375,22.57,2.5,3,4,0,0,0.0,8.0,4.356999999999999,-1,-1,-1,3,1,"Büyük Sepet, Lüks Alışveriş, Sık Alışveriş",6.77194968718789,2.8752014634810616,2.140216945540857,4.465371333127261,,4.063184857334267,Yüksek
1033165,38.25,5.464285714285714,3.450327796711771,7,61.0,8.714285714285714,1.4428571428571428,5.75,0.25,2,7,0,0,0.0,7.0,8.714285714285714,-1,-1,-1,3,1,"Büyük Sepet, Sık Alışveriş",0.14060202717979997,6.9726799416668115,1.8206938486556783,0.8584722768005852,,2.4481120235757188,Orta
1034520,123.03,17.575714285714287,24.13207813757645,7,9.53,1.3614285714285714,12.37857142857143,27.9,1.5,4,7,0,0,0.0,7.0,1.3614285714285714,-1,-1,1,2,1,"Lüks Alışveriş, Sık Alışveriş",0.9987010975778602,0.05824378310740259,1.8206938486556783,2.8098804204324597,,1.4218797874433502,Düşük
1034613,487.19,4.236434782608695,5.458780660599392,115,130.908,1.1383304347826086,4.571130434782608,39.95,0.2,10,96,41,0,0.0,2.738095238095238,1.1383304347826086,-1,1,-1,2,1,Kompleks Anomali,5.892409825010621,0.15155191847652033,0.4589168405021787,0.19089765627345967,,1.673444060065695,Düşük
1035804,405.51,11.586,18.3173216318518,35,103.825,2.9664285714285716,4.091142857142857,19.25,0.4,8,32,34,0,0.42857142857142855,1.0,2.9664285714285716,-1,1,-1,2,1,Büyük Sepet,4.794765578369837,1.5675441569448803,0.0964447326553938,0.029887256854622738,,1.6221604312061835,Düşük
1036030,129.89,2.886444444444444,2.809257549566785,45,52.579,1.1684222222222223,2.677111111111111,11.9,0.35,11,40,60,0,0.1111111111111111,0.7377049180327869,1.1684222222222223,-1,-1,1,2,1,Kompleks Anomali,1.0908881633461727,0.12325438200795538,0.18025406954330953,0.4444454692943119,,0.45971052104793736,Düşük
1037592,208.27,6.942333333333334,13.736812530778279,30,45.878,1.5292666666666668,3.332666666666667,11.25,0.2,8,27,73,0,0.7,0.40540540540540543,1.5292666666666668,-1,-1,1,2,1,Kompleks Anomali,2.1441858623141536,0.21607437493732623,0.28643143891144596,0.22454131602379176,,0.7178082480466795,Düşük
1038506,182.57,3.2601785714285714,2.9309821444643487,56,56.661,1.0118035714285714,4.898928571428571,55.9,0.4,7,40,40,0,0.05357142857142857,1.3658536585365855,1.0118035714285714,-1,-1,1,2,1,Kompleks Anomali,1.7988203243774719,0.27053449926202305,0.02045396132698868,0.30085656223024976,,0.5976663367991834,Düşük
1039314,37.76,37.76,,1,1.58,1.58,23.9,23.9,23.9,1,1,0,0,0.0,1.0,1.58,-1,-1,1,2,1,Lüks Alışveriş,0.1471868175918223,0.2637826858195825,0.0964447326553938,6.674709225551271,,1.7955308654045175,Düşük
1042938,13.15,13.15,,1,0.55,0.55,23.9,23.9,23.9,1,1,0,0,0.0,1.0,0.55,-1,-1,1,2,1,Lüks Alışveriş,0.4779045564486991,0.7048026008175526,0.0964447326553938,6.674709225551271,,1.988465278868229,Düşük
1043171,349.53000000000003,19.418333333333337,57.70920603997864,18,26.941000000000003,1.4967222222222223,7.442777777777778,23.9,0.75,4,17,53,0,0.8333333333333334,0.3333333333333333,1.4967222222222223,-1,1,-1,2,1,Kompleks Anomali,4.042486869665735,0.18547042343182274,0.3094601305788463,1.1541831812015988,,1.4229001512195008,Düşük
1045769,10.0,1.6666666666666667,0.9442810316143531,6,31.0,5.166666666666667,0.4583333333333333,1.0,0.25,1,6,0,0,0.0,6.0,5.166666666666667,-1,-1,1,2,1,"Büyük Sepet, Sık Alışveriş",0.520235351954557,3.6365909978634576,1.5011707517704995,1.18872784838906,,1.7116812374943935,Düşük
104656,375.94,6.9618518518518515,13.964367062252984,54,66.326,1.2282592592592592,4.357962962962962,23.9,0.65,9,44,11,0,0.018518518518518517,4.5,1.2282592592592592,-1,-1,1,2,1,Kompleks Anomali,4.397393634525959,0.06698518427005706,1.0218861064427316,0.11939126448399356,,1.401414047430685,Düşük
1050797,96.0,96.0,,1,16.0,16.0,6.0,6.0,6.0,1,1,0,0,0.0,1.0,16.0,-1,-1,-1,3,1,Büyük Sepet,0.6354625570942608,13.823976698739473,0.0964447326553938,0.6702076845545307,,3.8065229182609146,Orta
1051761,333.32,3.5840860215053763,4.674103549614607,93,107.498,1.1558924731182796,3.966559139784946,39.9,0.25,10,85,67,0,0.40860215053763443,1.3676470588235294,1.1558924731182796,-1,1,-1,2,1,Kompleks Anomali,3.824651252157812,0.1350370331024541,0.021026994140627784,0.01190397905926986,,0.998154814615041,Düşük
1056201,261.73,5.341428571428572,4.719377165827429,49,68.546,1.3988979591836737,5.790816326530612,64.95,0.6,9,46,83,0,0.9795918367346939,0.5833333333333334,1.3988979591836737,-1,-1,1,2,1,Kompleks Anomali,2.86259993461357,0.09347902357234787,0.22957935635755158,0.6000376460238994,,0.9464239901418423,Düşük
1058165,702.49,41.322941176470586,45.91246001423604,17,92.009,5.4122941176470585,7.805882352941175,23.9,0.95,7,13,54,0,0.0,0.3090909090909091,5.4122941176470585,-1,-1,-1,3,1,Büyük Sepet,8.785686101966558,3.8675726823428667,0.31720614504879,1.2759855265150954,,3.5616126139683275,Orta
10592,161.67,5.21516129032258,5.58699016821982,31,27.951999999999998,0.9016774193548387,8.428064516129032,55.9,0.5,7,30,0,0,0.0,31.0,0.9016774193548387,-1,-1,-1,3,1,"Lüks Alışveriş, Sık Alışveriş",1.5179588557830497,0.37409427651695615,9.489248173899966,1.4846946749867251,,3.2164989952966745,Orta
1062376,219.44,6.4541176470588235,16.5949273223544,34,39.649,1.1661470588235294,3.902647058823529,27.9,0.5,9,26,68,0,0.4117647058823529,0.4927536231884058,1.1661470588235294,-1,-1,1,2,1,Kompleks Anomali,2.2942922070127034,0.1253938866610323,0.25852166585802067,0.03334309574201489,,0.6778877138184429,Düşük
1066958,124.52,20.753333333333334,25.830525094675615,6,15.92,2.6533333333333333,8.863333333333332,23.9,1.0,2,3,0,0,0.0,6.0,2.6533333333333333,-1,-1,-1,3,1,"Büyük Sepet, Lüks Alışveriş, Sık Alışveriş",1.0187242357695199,1.2731175152602214,1.5011707517704995,1.6307042997716996,,1.355929200642985,Düşük
1068610,235.29,5.228666666666666,5.410316576185303,45,48.443,1.076511111111111,6.054444444444444,38.9,0.5,11,42,68,0,0.1111111111111111,0.6521739130434783,1.076511111111111,-1,-1,1,2,1,Kompleks Anomali,2.5072900193199565,0.20968520715425953,0.20758320113719508,0.6884709108430992,,0.9032573346136276,Düşük
107116,309.14,7.926666666666667,6.790611682134671,39,44.722,1.1467179487179489,8.207179487179486,32.9,0.85,6,34,0,0,0.0,39.0,1.1467179487179489,-1,1,-1,2,1,Sık Alışveriş,3.4997120028461794,0.14366451790444804,12.045432948981398,1.4105994517068001,,4.2748522303597065,Yüksek
1073128,214.71,5.5053846153846155,4.854884597335069,39,132.03,3.3853846153846154,4.084358974358974,14.9,0.35,6,31,30,0,0.07692307692307693,1.2580645161290323,3.3853846153846154,-1,-1,1,2,1,Büyük Sepet,2.2307288220150183,1.961519554928885,0.01398715926567027,0.02761162363508274,,1.058461789961164,Düşük
1073827,145.45,36.3625,64.13456393916361,4,76.0,19.0,2.4625000000000004,5.95,0.25,3,4,60,0,0.25,0.06557377049180328,19.0,-1,-1,-1,3,1,Büyük Sepet,1.2999888547973308,16.645098892828216,0.39501549531859353,0.5164361255726184,,4.714134842129189,Yüksek
1074451,243.13,243.13,,1,7.39,7.39,32.9,32.9,32.9,1,1,0,0,0.0,1.0,7.39,-1,-1,-1,3,1,"Büyük Sepet, Lüks Alışveriş",2.6126466659123135,5.727356001704781,0.0964447326553938,9.693732346722816,,4.532544936748826,Yüksek
1076948,101.62,1.6659016393442623,1.5817968443610582,61,68.0,1.1147540983606556,1.612622950819672,9.5,0.45,4,36,0,0,0.0,61.0,1.1147540983606556,-1,-1,-1,3,1,Sık Alışveriş,0.7109860716158232,0.17372249378827845,19.07494108045533,0.801524843531336,,5.190293622347691,Yüksek
1077002,196.3,10.905555555555557,24.33871431236837,18,27.97,1.5538888888888889,8.040555555555555,35.29,0.5,8,18,9,0,0.05555555555555555,1.8,1.5538888888888889,-1,-1,1,2,1,Kompleks Anomali,1.9833288393918937,0.2392284741302915,0.15917374485274915,1.354705951472005,,0.9341092524617349,Düşük
1080,310.03,51.67166666666666,125.46718621482935,6,14.355,2.3925,5.858333333333333,32.9,0.25,3,3,13,0,0.0,0.42857142857142855,2.3925,-1,-1,-1,3,1,Büyük Sepet,3.5116721323700566,1.0278366133852836,0.2790293594469245,0.6226860243138675,,1.3603060323790328,Düşük
1081545,189.79,27.11285714285714,39.872174806618254,7,41.54,5.934285714285714,6.364285714285714,18.45,1.1,1,7,51,0,0.8571428571428571,0.1346153846153846,5.934285714285714,-1,1,-1,2,1,Büyük Sepet,1.895845195346454,4.358440041811243,0.3729551049598754,0.7924062394590932,,1.8549116453941665,Düşük
1082046,221.2,6.703030303030303,6.015347810418199,33,85.622,2.594606060606061,5.55060606060606,19.9,0.25,7,30,7,0,0.0,4.125,2.594606060606061,-1,-1,1,2,1,Büyük Sepet,2.317943699104865,1.2178919110971511,0.9020649451107896,0.5194598297162341,,1.23934009625726,Düşük
1083248,139.35999999999999,34.839999999999996,65.10855089771236,4,53.345,13.33625,2.26,2.95,1.49,3,4,63,0,0.25,0.0625,13.33625,-1,-1,-1,3,1,Büyük Sepet,1.218149316819339,11.319055283904843,0.39599763598524884,0.5843641457989783,,3.3793915956271023,Orta
1083828,101.6,16.933333333333334,3.072566787991216,6,6.0,1.0,16.933333333333334,20.9,14.95,2,2,0,0,1.0,6.0,1.0,-1,-1,1,2,1,"Lüks Alışveriş, Sık Alışveriş",0.7107173046602302,0.2816342717042412,1.5011707517704995,4.337761698422186,,1.7078210066392894,Düşük
1084388,75.14,18.785,4.135323445632759,4,8.0,2.0,16.134999999999998,21.95,2.65,2,2,77,0,0.0,0.05128205128205128,2.0,-1,-1,1,2,1,Lüks Alışveriş,0.35513862241102434,0.6587397929920065,0.39958202970030693,4.069963166007154,,1.370855902777623,Düşük
1086644,184.14,6.349655172413793,10.008246058254244,29,41.812,1.4417931034482758,4.858620689655172,33.45,0.5,4,24,4,0,0.2413793103448276,5.8,1.4417931034482758,-1,-1,1,2,1,Sık Alışveriş,1.8199185303915024,0.13381650474018375,1.437266132393464,0.2873354036703231,,0.9195841427988684,Düşük
1096822,114.67,38.223333333333336,30.76846654179134,3,6.09,2.03,15.666666666666666,23.9,3.2,2,3,0,0,0.0,3.0,2.03,-1,-1,1,2,1,Lüks Alışveriş,0.8863565101400914,0.6869510149328937,0.5426014611149635,3.9128621480350803,,1.5071927835557573,Düşük
1097790,109.19,13.64875,17.0661071278719,8,19.045,2.380625,5.375,9.9,1.05,3,7,0,0,0.0,8.0,2.380625,-1,-1,1,2,1,"Büyük Sepet, Sık Alışveriş",0.8127143643076783,1.0166696713670158,2.140216945540857,0.46055330113984005,,1.1075385705888476,Düşük
1100056,45.95,45.95,,1,1.0,1.0,45.95,45.95,45.95,1,1,0,0,0.0,1.0,1.0,-1,-1,-1,3,1,Lüks Alışveriş,0.03712674927659182,0.2816342717042412,0.0964447326553938,14.071315872421561,,3.621630406514447,Orta
1100562,299.39,7.48475,8.261897710698873,40,65.842,1.64605,6.3465,42.9,0.8,9,39,3,0,0.825,10.0,1.64605,-1,-1,-1,3,1,Sık Alışveriş,3.3686881119947145,0.3258943927927696,2.779263139311215,0.7864400747196352,,1.8150714297045836,Düşük
110565,294.35,73.5875,76.84679970564812,4,106.0,26.5,2.3375,2.8,1.1,2,2,42,0,0.0,0.09302325581395349,26.5,-1,-1,-1,3,1,Büyük Sepet,3.3009588391853426,23.697904378050072,0.3862447507605559,0.5583670022555567,,6.985868742562882,Yüksek
110937,129.75,6.4875,12.42976981410271,20,62.0,3.1,2.4325,6.0,0.25,9,19,68,0,0.35,0.2898550724637681,3.1,-1,-1,1,2,1,Büyük Sepet,1.0890067946570237,1.693151264157879,0.32335243913907147,0.5264995359765237,,0.9080025084826244,Düşük
114904,278.66,11.610833333333334,18.17330673092357,24,80.802,3.36675,7.418749999999999,39.9,0.65,5,21,15,0,0.7083333333333334,1.5,3.36675,-1,-1,-1,3,1,Büyük Sepet,3.0901111625228315,1.9439960459156027,0.06331681578719554,1.1461231349058782,,1.5608867897828769,Düşük
1151,534.72,4.347317073170732,4.010727024803983,123,140.173,1.1396178861788617,4.610406504065041,25.0,0.35,10,101,61,0,0.056910569105691054,1.9838709677419355,1.1396178861788617,-1,1,-1,2,1,Kompleks Anomali,6.531134494976788,0.15034123257392695,0.21792476589292717,0.2040726964148373,,1.7758682974646198,Düşük
120018,425.1,8.020754716981132,26.022464987676198,53,91.522,1.7268301886792454,3.5530188679245285,14.95,0.35,8,46,34,0,0.018867924528301886,1.5142857142857142,1.7268301886792454,-1,-1,1,2,1,Kompleks Anomali,5.058022811372934,0.4018579871680014,0.06788143145698379,0.1506248282017329,,1.419596764549913,Düşük
123817,14.0,14.0,,1,40.0,40.0,0.35,0.35,0.35,1,1,0,0,0.0,1.0,40.0,-1,-1,-1,3,1,Büyük Sepet,0.4664819608360073,36.39295425144942,0.0964447326553938,1.2250679415142731,,9.545237221613773,Yüksek
12907,98.15,32.71666666666667,38.7506881659324,3,3.0,1.0,32.71666666666667,76.0,1.25,3,3,22,0,0.0,0.13043478260869565,1.0,-1,-1,-1,3,1,Lüks Alışveriş,0.6643550048204813,0.2816342717042412,0.37429090385989705,9.632233727587842,,2.7381284769931153,Orta
131290,290.95,24.245833333333334,27.669085952091773,12,58.17,4.8475,7.099166666666666,20.9,0.8,5,12,37,0,0.0,0.3157894736842105,4.8475,-1,1,-1,2,1,Büyük Sepet,3.2552684567345747,3.336454942214572,0.31506579894525294,1.0389198601865,,1.9864272645202248,Düşük
132042,202.61,40.522000000000006,87.22895688932661,5,30.0,6.0,2.568,8.19,0.7,4,4,51,0,0.8,0.09615384615384616,6.0,-1,-1,-1,3,1,Büyük Sepet,2.068124813881406,4.420236051776997,0.3852444548400745,0.4810464656522187,,1.838662946537674,Düşük
134451,301.7,7.183333333333333,20.24367816606105,42,97.59,2.323571428571429,3.7597619047619046,13.99,0.99,7,35,34,0,0.0,1.2,2.323571428571429,-1,-1,1,2,1,Büyük Sepet,3.399730695365677,0.9630179724972925,0.032540113278358075,0.08127349394025965,,1.1191405687703968,Düşük
1373,368.66,7.523673469387756,20.47290543762226,49,164.767,3.3625918367346936,3.470204081632653,34.5,0.5,8,36,47,0,0.10204081632653061,1.0208333333333333,3.3625918367346936,-1,-1,-1,3,1,Büyük Sepet,4.299562462690199,1.940085817024136,0.08978800147028594,0.17840480093396097,,1.6269602705296455,Düşük
137940,480.59000000000003,7.281666666666667,9.63390113223304,66,83.53,1.2656060606060606,7.085,47.5,0.8,9,54,47,0,0.045454545454545456,1.375,1.2656060606060606,-1,1,-1,2,1,Kompleks Anomali,5.803716729665015,0.031865220884162083,0.023376428676548208,1.0341676941624338,,1.72328151834704,Düşük
139230,425.42,19.33727272727273,34.80840787617927,22,65.078,2.958090909090909,5.795454545454546,27.9,0.25,7,20,55,0,0.8181818181818182,0.39285714285714285,2.958090909090909,-1,1,-1,2,1,Büyük Sepet,5.062323082662418,1.5597036355223477,0.29044089862139516,0.601593522709723,,1.878515284878971,Düşük
139886,66.61,11.101666666666667,17.20097720092282,6,9.001999999999999,1.500333333333333,10.141666666666667,45.95,1.0,3,5,0,0,1.0,6.0,1.500333333333333,-1,-1,1,2,1,"Lüks Alışveriş, Sık Alışveriş",0.24050951585071714,0.18886621866544778,1.5011707517704995,2.0595173986492146,,0.9975159712339697,Düşük
141520,361.65,24.11,66.21027887398925,15,26.863,1.7908666666666666,9.402,27.9,0.9,5,15,27,0,0.0,0.5357142857142857,1.7908666666666666,-1,1,-1,2,1,Lüks Alışveriş,4.20535964475494,0.46207623026186445,0.2447947419235125,1.8113984243573749,,1.6809072603244228,Düşük
141643,122.95,11.177272727272728,17.92922702790563,11,27.0,2.4545454545454546,4.85,29.95,0.7,2,9,69,0,1.0,0.15714285714285714,2.4545454545454546,-1,-1,1,2,1,Büyük Sepet,0.9976260297554892,1.086182549672119,0.3657570571729015,0.28444361907149973,,0.6835023139180023,Düşük
143209,65.35,65.35,,1,3.284,3.284,19.9,19.9,19.9,1,1,0,0,1.0,1.0,3.284,-1,-1,-1,3,1,"Büyük Sepet, Lüks Alışveriş",0.22357719764837394,1.8661800920619882,0.0964447326553938,5.332921171697251,,1.8797807985157515,Düşük
144487,186.99,18.699,31.76965549073518,10,103.28999999999999,10.328999999999999,2.914,8.95,0.35,3,5,51,0,0.1,0.19230769230769232,10.328999999999999,-1,1,-1,2,1,Büyük Sepet,1.8582178215634695,8.491115377847052,0.3545210801395766,0.3649817989938459,,2.767209019635986,Orta
146571,347.1,23.14,20.23168377993855,15,78.026,5.201733333333333,6.5326666666666675,20.9,1.75,3,12,0,0,0.0,15.0,5.201733333333333,-1,-1,-1,3,1,"Büyük Sepet, Sık Alışveriş",4.009831684561216,3.669566781732139,4.376878623737108,0.8488891270594248,,3.2262915542724717,Orta
146869,117.55,19.591666666666665,28.263145908880464,6,9.73,1.6216666666666668,18.308333333333334,76.0,1.95,4,6,38,0,0.5,0.15384615384615385,1.6216666666666668,-1,-1,-1,3,1,Lüks Alışveriş,0.9250589517454471,0.3029649385152595,0.36681043001977576,4.799001341934506,,1.598458915553747,Düşük
14821,215.8,53.95,81.28638672414138,4,72.0,18.0,3.175,8.0,1.0,3,4,47,0,0.25,0.08333333333333333,18.0,-1,-1,-1,3,1,Büyük Sepet,2.2453766210948234,15.704724828131967,0.38934090480014094,0.2774301284798712,,4.6542181206267,Yüksek
149372,118.5,2.2788461538461537,3.41355180090121,52,59.754,1.1491153846153845,2.336346153846154,33.45,0.25,7,34,11,0,0.0,4.333333333333333,1.1491153846153845,-1,-1,1,2,1,Kompleks Anomali,0.9378253821361027,0.14141003136472774,0.9686322569618684,0.5587540565018607,,0.6516554317411398,Düşük
150429,224.5,6.602941176470588,7.596710424200872,34,46.18,1.358235294117647,7.037941176470588,32.75,0.2,10,33,0,0,1.0,34.0,1.358235294117647,-1,-1,1,2,1,Sık Alışveriş,2.3622902467776687,0.05524090794282626,10.447817464555504,1.0183819523523865,,3.4709326429070964,Orta
1535,94.42,1.388529411764706,1.7940908517119927,68,96.535,1.4196323529411765,1.1969117647058825,8.5,0.25,5,40,35,0,0.0,1.8888888888888888,1.4196323529411765,-1,-1,1,2,1,Kompleks Anomali,0.6142299676024338,0.11297710970910334,0.18757579790920947,0.9409739193765779,,0.4639391986493311,Düşük
153801,39.260000000000005,7.852000000000001,14.059365917423163,5,5.0,1.0,7.852000000000001,32.95,0.01,2,2,75,0,0.8,0.06578947368421052,1.0,-1,-1,1,2,1,Kompleks Anomali,0.1270292959223661,0.2816342717042412,0.3949465731665476,1.2914555534889425,,0.5237664235705244,Düşük
153862,210.74,5.140000000000001,5.930000843170261,41,171.4,4.180487804878049,3.33219512195122,23.9,0.35,7,35,44,0,0.0975609756097561,0.9111111111111111,4.180487804878049,-1,-1,1,2,1,Büyük Sepet,2.177378581329858,2.709213973085776,0.12484678571185413,0.224699494290303,,1.3090347086044478,Düşük
154002,529.57,4.814272727272728,4.880220227225596,110,116.703,1.0609363636363636,5.0849090909090915,25.0,0.35,9,74,8,0,0.8090909090909091,12.222222222222221,1.0609363636363636,-1,-1,-1,3,1,Sık Alışveriş,6.461927003911656,0.2243312957437054,3.489314465722723,0.36324317205238166,,2.6347039843576168,Orta
154649,100.34,100.34,,1,3.73,3.73,26.9,26.9,26.9,1,1,0,0,1.0,1.0,3.73,-1,-1,-1,3,1,"Büyük Sepet, Lüks Alışveriş",0.6937849864578872,2.2855869249165144,0.0964447326553938,7.681050265941787,,2.6892167274928953,Orta
157098,157.68,26.28,46.05447860957716,6,20.375,3.3958333333333335,5.598333333333334,10.0,1.1,4,6,57,0,0.0,0.10344827586206896,3.3958333333333335,-1,1,-1,2,1,Büyük Sepet,1.4643398481422967,1.9713452582971853,0.38291371606969193,0.5354698008133563,,1.0885171558306326,Düşük
157507,225.75,4.259433962264151,3.4593332033646753,53,75.92,1.4324528301886792,3.896037735849057,18.45,0.25,5,37,13,0,0.0,3.7857142857142856,1.4324528301886792,-1,-1,1,2,1,Kompleks Anomali,2.3790881815022153,0.1250331540096832,0.7936553229533182,0.035560173394817304,,0.8333342079650086,Düşük
157664,169.68,16.968,6.698412415557054,10,29.596999999999998,2.9596999999999998,10.385,20.95,1.25,3,6,56,0,0.2,0.17543859649122806,2.9596999999999998,-1,-1,1,2,1,"Büyük Sepet, Lüks Alışveriş",1.6256000214979456,1.561216782880995,0.3599111458765061,2.1411428385920006,,1.4219676972118618,Düşük
16269,74.08,37.04,13.307749621930828,2,3.49,1.745,21.9,23.9,19.9,1,2,0,0,1.0,2.0,1.745,-1,-1,1,2,1,Lüks Alışveriş,0.3408939737646086,0.41894440649446335,0.2230783642297849,6.0038151986242605,,1.7466829857782793,Düşük
163937,46.260000000000005,23.130000000000003,31.31068827094033,2,2.894,1.447,12.444999999999999,23.9,0.99,2,2,36,0,0.5,0.05405405405405406,1.447,-1,-1,1,2,1,Lüks Alışveriş,0.032960861464904186,0.13871293521498154,0.39869631079002227,2.8321636863268207,,0.8506334484491822,Düşük
164,5.16,5.16,,1,0.175,0.175,29.5,29.5,29.5,1,1,0,0,0.0,1.0,0.175,-1,-1,1,2,1,Lüks Alışveriş,0.585276955208002,1.0574428750786455,0.0964447326553938,8.5532125009469,,2.5730942659722356,Orta
166876,42.07,21.035,28.33376872214496,2,2.472,1.236,14.45,27.9,1.0,2,2,0,0,0.0,2.0,1.236,-1,-1,1,2,1,Lüks Alışveriş,0.08926753866158503,0.05970599243592677,0.2230783642297849,3.5047349483211483,,0.9691967109121112,Düşük
167005,546.78,15.622285714285713,24.989048670275114,35,95.156,2.7187428571428573,6.465428571428571,76.0,0.2,5,17,18,0,0.3142857142857143,1.8421052631578947,2.7187428571428573,-1,-1,-1,3,1,Büyük Sepet,6.693200969199214,1.3346269350348297,0.17262734893212509,0.8263343088208306,,2.25669739049675,Orta
1676,236.54,18.195384615384615,26.554742707403705,13,159.977,12.305923076923078,2.926153846153846,8.95,0.55,4,10,53,0,0.6153846153846154,0.24074074074074073,12.305923076923078,-1,1,-1,2,1,Büyük Sepet,2.524087954044503,10.35016256728502,0.33904560251265914,0.3609048275994435,,3.3935502378604063,Orta
1695,184.12,4.603,6.072347664111973,40,44.81,1.12025,4.5192499999999995,27.9,0.7,8,36,1,0,1.0,20.0,1.12025,-1,-1,-1,3,1,Sık Alışveriş,1.81964976343591,0.16855429042451744,5.974494108163001,0.17349451936844543,,2.0340481703479685,Orta
170984,99.95,12.49375,6.740784052531066,8,50.0,6.25,2.2175,3.75,1.5,2,8,0,0,0.0,8.0,6.25,-1,-1,1,2,1,"Büyük Sepet, Sık Alışveriş",0.6885440308238286,4.655329567951059,2.140216945540857,0.5986206438711773,,2.0206777970467305,Orta
17452,31.8,31.8,,1,12.0,12.0,2.65,2.65,2.65,1,1,0,0,0.0,1.0,12.0,-1,-1,1,2,1,Büyük Sepet,0.22727937035846127,10.062480439954482,0.0964447326553938,0.45353981054821135,,2.7099360883791372,Orta
17569,197.71999999999997,32.953333333333326,69.74018975215557,6,32.055,5.3425,3.4583333333333335,10.95,1.1,4,6,55,0,0.0,0.10714285714285714,5.3425,-1,1,-1,2,1,Büyük Sepet,2.0024112932389784,3.8019401042392147,0.3817332120171605,0.18238680799854465,,1.5921178543734746,Düşük
17596,130.38,11.852727272727272,9.668694938727864,11,35.66,3.2418181818181817,6.568181818181818,32.9,0.85,5,11,0,0,0.0,11.0,3.2418181818181817,-1,-1,1,2,1,"Büyük Sepet, Sık Alışveriş",1.097472953758195,1.8265134042420739,3.098786236196393,0.860802578567886,,1.7208937931911368,Düşük
17899,415.82,51.9775,91.66429461433093,8,17.139,2.142375,11.31125,32.9,2.5,5,7,76,0,0.0,0.1038961038961039,2.142375,-1,1,-1,2,1,Lüks Alışveriş,4.933314943977899,0.7926255504531347,0.3827706246693851,2.451850634812572,,2.1401404384782476,Orta
18038,53.0,53.0,,1,20.0,20.0,2.65,2.65,2.65,1,1,0,0,1.0,1.0,20.0,-1,1,-1,2,1,Büyük Sepet,0.05761360256985192,17.585472957524463,0.0964447326553938,0.45353981054821135,,4.548267775824479,Yüksek
1816,60.9,20.3,6.192132104533949,3,3.0,1.0,20.3,25.5,13.45,1,3,0,0,0.0,3.0,1.0,-1,-1,1,2,1,Lüks Alışveriş,0.1637765500289875,0.2816342717042412,0.5426014611149635,5.467099977082653,,1.6137780649827114,Düşük
18166,192.8,3.7803921568627454,4.556765941228193,51,52.465,1.0287254901960785,5.034117647058824,47.5,0.35,9,45,5,0,0.0,8.5,1.0287254901960785,-1,-1,-1,3,1,Sık Alışveriş,1.9362946221631627,0.25462156572816264,2.2999784939834464,0.34620533390330993,,1.2092750039445204,Düşük
183083,156.63,19.57875,33.147047460628265,8,250.515,31.314375,2.075,11.9,0.6,3,5,61,0,0.0,0.12903225806451613,31.314375,-1,-1,-1,3,1,Büyük Sepet,1.4502295829736773,28.22521776577207,0.3747390428457107,0.6464218432897267,,7.674152058720296,Yüksek
185891,57.74,14.435,25.57,4,5.12,1.28,7.4624999999999995,24.9,1.65,2,2,0,0,0.0,4.0,1.28,-1,-1,1,2,1,Kompleks Anomali,0.12131137104533331,0.018329533589291843,0.8621245580001422,1.1607989417449067,,0.5406411010949186,Düşük
187263,221.52,6.515294117647059,6.540956391609261,34,242.483,7.13185294117647,3.5423529411764707,27.9,0.25,6,27,24,0,0.7647058823529411,1.36,7.13185294117647,-1,-1,-1,3,1,Büyük Sepet,2.322243970394349,5.484601202709517,0.01858358222327056,0.1542026814751894,,1.9949078592005818,Düşük
189253,131.5,2.683673469387755,3.033138290806481,49,101.132,2.063918367346939,2.63265306122449,17.5,0.35,6,44,29,0,0.0,1.6333333333333333,2.063918367346939,-1,-1,1,2,1,Kompleks Anomali,1.112523903271389,0.7188469679027951,0.10591989537188604,0.45935878935319047,,0.5991623889748151,Düşük
189972,175.03,3.9779545454545455,4.139784613847516,44,63.650999999999996,1.4466136363636364,3.190227272727273,11.9,0.5,8,42,7,0,0.0,5.5,1.4466136363636364,-1,-1,1,2,1,Sık Alışveriş,1.6974951821190059,0.1383496088718034,1.3414092033279104,0.27232218532031316,,0.8623940449097582,Düşük
1901,87.94999999999999,10.993749999999999,12.13851242651139,8,20.509999999999998,2.5637499999999998,9.098749999999999,39.9,0.7,5,7,2,0,0.625,2.6666666666666665,2.5637499999999998,-1,-1,1,2,1,"Büyük Sepet, Lüks Alışveriş",0.5272838574681794,1.1888756719645157,0.4360937621532373,1.7096741175245669,,0.965481852277625,Düşük
191615,80.38,2.4357575757575756,2.8900595044728647,33,55.838,1.692060606060606,2.7054545454545456,19.9,0.2,6,23,1,0,0.3939393939393939,16.5,1.692060606060606,-1,-1,1,2,1,Sık Alışveriş,0.4255555647763243,0.3691615734331195,4.856163269064877,0.4349377488925078,,1.521454539041707,Düşük
193100,260.87,3.302151898734177,2.861919147600119,79,84.505,1.0696835443037973,3.5597468354430384,19.9,0.3,10,64,10,0,0.26582278481012656,7.181818181818182,1.0696835443037973,-1,-1,1,2,1,Sık Alışveriş,2.8510429555230816,0.21610567390483829,1.8787889571802563,0.14836795159096927,,1.2735763845497863,Düşük
194328,106.46000000000001,1.6130303030303033,1.8454125823423875,66,92.65,1.4037878787878788,1.5519696969696968,12.95,0.25,5,43,41,0,0.07575757575757576,1.5714285714285714,1.4037878787878788,-1,-1,1,2,1,Kompleks Anomali,0.7760276748692683,0.09807737714659213,0.08613989413613687,0.821870796392154,,0.4455289356360378,Düşük
194897,43.05,7.175,5.481513477133848,6,41.002,6.833666666666667,4.84,13.49,0.4,2,4,0,0,0.0,6.0,6.833666666666667,-1,-1,1,2,1,"Büyük Sepet, Sık Alışveriş",0.0760979578375404,5.204194563712102,1.5011707517704995,0.28108914893686476,,1.7656381055642516,Düşük
195,14.22,14.22,,1,0.595,0.595,23.9,23.9,23.9,1,1,0,0,0.0,1.0,0.595,-1,-1,1,2,1,Lüks Alışveriş,0.46352552432448707,0.6624857679062215,0.0964447326553938,6.674709225551271,,1.9742913126093433,Düşük
195955,102.89,51.445,72.4006633256906,2,6.158,3.079,10.075,19.9,0.25,2,2,27,0,0.0,0.07142857142857142,3.079,-1,-1,-1,3,1,"Büyük Sepet, Lüks Alışveriş",0.7280527732959626,1.6734034087992578,0.39314475119163117,2.0371542644183136,,1.2079387994262913,Düşük
197207,33.650000000000006,16.825000000000003,6.399316369738257,2,1.665,0.8325,19.925,21.35,18.5,2,2,0,0,1.0,2.0,0.8325,-1,-1,1,2,1,Lüks Alışveriş,0.202418426966132,0.43914692754086265,0.2230783642297849,5.3413073470338395,,1.5514877664426547,Düşük
198964,157.71,3.3555319148936174,2.4666856909367967,47,65.646,1.3967234042553192,3.5880851063829784,18.5,0.25,6,40,1,0,0.0,23.5,1.3967234042553192,-1,-1,-1,3,1,Sık Alışveriş,1.464742998575686,0.0914341285154659,7.092824947261127,0.13886196323744676,,2.1969660093974315,Orta
200284,214.8,23.866666666666667,19.160632818359627,9,47.0,5.222222222222222,6.553333333333333,17.99,0.65,2,9,0,0,0.0,9.0,5.222222222222222,-1,-1,-1,3,1,"Büyük Sepet, Sık Alışveriş",2.231938273315186,3.6888340014576935,2.4597400424260356,0.8558216986710033,,2.3090835039674795,Orta
205900,71.34,17.835,3.857533754442942,4,8.02,2.005,13.3125,19.1,4.5,2,4,0,0,0.0,4.0,2.005,-1,-1,1,2,1,Lüks Alışveriş,0.30407290084840216,0.6634416633154876,0.8621245580001422,3.1231639705064116,,1.2382007731676108,Düşük
205918,109.58,21.916,18.27600694900284,5,16.119999999999997,3.2239999999999993,12.57,44.9,0.5,3,4,0,0,0.0,5.0,3.2239999999999993,-1,-1,-1,3,1,"Büyük Sepet, Lüks Alışveriş",0.8179553199417369,1.809757648180213,1.181647654885321,2.874094563009759,,1.6708637965042574,Düşük
208106,424.77,42.477,83.30644246795481,10,25.198,2.5198,8.9,32.9,0.55,5,7,80,0,0.7,0.12345679012345678,2.5198,-1,1,-1,2,1,"Büyük Sepet, Lüks Alışveriş",5.053588156605653,1.147546231821116,0.3765205336288221,1.6430040235986956,,2.055164736413572,Orta
2092,102.74,6.42125,3.7295430908714096,16,38.425,2.4015625,6.064375,32.5,0.5,5,14,0,0,1.0,16.0,2.4015625,-1,-1,1,2,1,"Büyük Sepet, Sık Alışveriş",0.7260370211290169,1.0363587533465932,4.696401720622287,0.6918020860462439,,1.7876498952860354,Düşük
209835,192.88,4.103829787234043,4.824611970516381,47,111.489,2.3721063829787234,2.873617021276596,20.95,0.25,7,40,60,0,0.2127659574468085,0.7704918032786885,2.3721063829787234,-1,-1,1,2,1,Büyük Sepet,1.9373696899855335,1.008658984853127,0.16977790243232008,0.3785281486013721,,0.8735836814680883,Düşük
214502,223.87,17.220769230769232,37.44829690420701,13,63.644,4.895692307692308,6.56923076923077,22.9,1.1,6,13,28,0,0.07692307692307693,0.4482758620689655,4.895692307692308,-1,1,-1,2,1,Büyük Sepet,2.353824087676497,3.381773738486279,0.2727333378334234,0.8611544460645262,,1.7173714025151812,Düşük
21835,57.5,57.5,,1,50.0,50.0,1.15,1.15,1.15,1,1,0,0,0.0,1.0,50.0,-1,-1,-1,3,1,Büyük Sepet,0.1180861675782203,45.79669489841189,0.0964447326553938,0.956710330743469,,11.741984032347244,Yüksek
220,162.59,8.1295,6.769438657439928,20,52.335,2.61675,4.0975,13.9,0.8,5,19,0,0,1.0,20.0,2.61675,-1,-1,1,2,1,"Büyük Sepet, Sık Alışveriş",1.5303221357403163,1.2387154973934174,5.974494108163001,0.03201974144021234,,2.193887870684237,Orta
223386,237.47,6.784857142857143,6.757291648298754,35,96.064,2.744685714285714,5.595142857142857,26.95,0.35,9,27,73,0,0.8285714285714286,0.47297297297297297,2.744685714285714,-1,-1,1,2,1,Büyük Sepet,2.536585617479566,1.359022925056092,0.2648420404732582,0.5343995651037345,,1.1737125370281625,Düşük
224143,367.51,4.17625,4.698085526567447,88,118.04,1.3413636363636365,3.8806818181818183,20.25,0.35,9,70,2,0,0.9886363636363636,29.333333333333332,1.3413636363636365,-1,-1,-1,3,1,Sık Alışveriş,4.284108362743615,0.039375238562523486,8.956709679091334,0.040711270115283985,,3.3302261376281894,Orta
229954,329.11,8.22775,6.745798877820181,40,110.759,2.768975,4.51225,35.29,0.5,9,37,62,0,0.9,0.6349206349206349,2.768975,-1,-1,1,2,1,Büyük Sepet,3.768075808005539,1.3818639393918035,0.21309602199442731,0.17114639027420098,,1.3835455399164924,Düşük
233975,291.5,72.875,131.50618806733013,4,103.0,25.75,6.05,11.25,0.35,2,4,12,0,0.25,0.3076923076923077,25.75,-1,-1,-1,3,1,Büyük Sepet,3.2626595480133758,22.992623829527886,0.317653030498979,0.6869800352277059,,6.814979110816986,Yüksek
237685,2175.98,310.8542857142857,524.0695921935414,7,7.938,1.134,310.7471428571429,1078.0,0.8,4,5,1,0,0.0,3.5,1.134,-1,-1,-1,3,1,Lüks Alışveriş,28.58695717178449,0.15562414703494412,0.7023630095575528,102.89672661751925,,33.08541773647406,Yüksek
241904,28.19,7.0475,7.059723200428377,4,99.0,24.75,0.3975,0.75,0.28,1,2,0,0,1.0,4.0,24.75,-1,-1,-1,3,1,Büyük Sepet,0.2757918058429523,22.05224976483164,0.8621245580001422,1.2091342083747565,,6.099825084262373,Yüksek
244458,149.14,24.856666666666666,52.747148422134316,6,55.015,9.169166666666667,3.2083333333333335,4.85,2.25,4,6,63,0,0.16666666666666666,0.09375,9.169166666666667,-1,1,-1,2,1,Büyük Sepet,1.3495763581041929,7.400438191810189,0.386012539207587,0.26624856136442093,,2.3505689126215974,Orta
247466,826.4300000000001,19.676904761904762,28.451690376984313,42,168.077,4.001833333333333,8.760238095238096,76.0,0.35,6,35,25,0,0.30952380952380953,1.6153846153846154,4.001833333333333,-1,-1,-1,3,1,"Büyük Sepet, Lüks Alışveriş",10.45123492577482,2.541211941503111,0.1001848654277931,1.596121310050344,,3.6721882606890173,Orta
248431,273.36,4.339047619047619,4.841594883282253,63,115.397,1.8316984126984128,3.6612698412698412,17.25,0.25,5,49,3,0,0.7936507936507936,15.75,1.8316984126984128,-1,-1,-1,3,1,Sık Alışveriş,3.018887919290753,0.5004733452463825,4.616520946400992,0.11431236248853024,,2.0625486433566644,Orta
251349,48.55,48.55,,1,1.74,1.74,27.9,27.9,27.9,1,1,0,0,0.0,1.0,1.74,-1,-1,-1,3,1,Lüks Alışveriş,0.002187045049534614,0.41424253617098206,0.0964447326553938,8.016497279405291,,2.1323428983203003,Orta
252931,496.48999999999995,49.648999999999994,140.16940088098164,10,27.865,2.7864999999999998,9.384,29.9,0.5,5,10,41,0,0.1,0.23809523809523808,2.7864999999999998,-1,-1,-1,3,1,"Büyük Sepet, Lüks Alışveriş",6.017386459361249,1.398343994875605,0.339890901710768,1.805360378115032,,2.3902454335156635,Orta
254964,435.96000000000004,27.247500000000002,64.4978836345297,16,34.647,2.1654375,5.8625,23.9,0.9,4,12,51,0,0.5,0.3076923076923077,2.1654375,-1,1,-1,2,1,Kompleks Anomali,5.203963268259797,0.8143129273201918,0.317653030498979,0.6240837202032987,,1.7400032365705667,Düşük
258965,149.42,74.71,102.23349842395105,2,4.445,2.2225,37.245,73.5,0.99,2,2,68,0,0.0,0.028985507246376812,2.2225,-1,-1,-1,3,1,"Büyük Sepet, Lüks Alışveriş",1.3533390954824913,0.8679730223869216,0.4067062905004224,11.151249620221748,,3.444817007147896,Orta
259178,486.27,4.6756730769230765,4.812669114804018,104,124.618,1.19825,4.295961538461539,19.25,0.4,10,89,16,0,0.2692307692307692,6.117647058823529,1.19825,-1,1,-1,2,1,Sık Alışveriş,5.880046545053355,0.09520511337821008,1.5387617043452264,0.09859307180450796,,1.9031516086453248,Düşük
26192,76.75,15.35,11.513090375741866,5,24.0,4.8,14.4,26.95,0.25,3,4,29,0,0.4,0.16666666666666666,4.8,-1,-1,1,2,1,"Büyük Sepet, Lüks Alışveriş",0.37677436233624056,3.2917871741414997,0.36271398005970934,3.487962597647974,,1.8798095285463559,Düşük
26199,76.0,76.0,,1,1.0,1.0,76.0,76.0,76.0,1,1,0,0,0.0,1.0,1.0,-1,-1,-1,3,1,Lüks Alışveriş,0.3666956015015125,0.2816342717042412,0.0964447326553938,24.151498626999885,,6.224068308215258,Yüksek
26218,306.01,3.091010101010101,3.352205334095414,99,125.249,1.2651414141414141,3.1703030303030304,44.9,0.35,10,81,12,0,0.020202020202020204,7.615384615384615,1.2651414141414141,-1,-1,-1,3,1,Sık Alışveriş,3.457649974295914,0.032302162368768456,2.017323446738865,0.2790057129370482,,1.4465703240851489,Düşük
26284,153.18,25.53,53.6622191117736,6,54.93,9.155,3.565,7.25,1.95,2,6,45,0,0.3333333333333333,0.13043478260869565,9.155,-1,1,-1,2,1,Büyük Sepet,1.4038672831339283,7.387116225893658,0.37429090385989705,0.1466057932291042,,2.3279700515291473,Orta
263381,122.66,4.088666666666667,8.938182617610089,30,51.067,1.7022333333333333,3.994666666666667,48.5,0.35,9,27,78,0,0.0,0.379746835443038,1.7022333333333333,-1,-1,1,2,1,Kompleks Anomali,0.9937289088993942,0.37872774232762035,0.29462994464746667,0.002475393110951431,,0.4173904972463582,Düşük
263600,41.019999999999996,5.859999999999999,3.7104402254539375,7,37.0,5.285714285714286,1.5557142857142858,3.25,0.5,2,7,0,0,0.0,7.0,5.285714285714286,-1,-1,1,2,1,"Büyük Sepet, Sık Alışveriş",0.10337780383020437,3.7485402912796775,1.8206938486556783,0.8206146852811325,,1.623306657261673,Düşük
26412,495.94,18.368148148148148,30.977450488160557,27,54.38,2.0140740740740743,7.617777777777778,24.9,0.2,9,23,72,0,0.8148148148148148,0.3698630136986301,2.0140740740740743,-1,1,-1,2,1,Kompleks Anomali,6.009995368082449,0.6719746872358798,0.29778805398030095,1.2128864085577125,,2.0481611294640856,Orta
26622,65.0,65.0,,1,10.0,10.0,6.5,6.5,6.5,1,1,0,0,0.0,1.0,10.0,-1,-1,-1,3,1,Büyük Sepet,0.21887377592550092,8.181732310561987,0.0964447326553938,0.8379311912862832,,2.3337455026072913,Orta
267029,102.75,25.6875,20.633200389986364,4,4.0,1.0,25.6875,54.35,8.95,2,4,0,0,0.0,4.0,1.0,-1,1,-1,2,1,Lüks Alışveriş,0.7261714046068134,0.2816342717042412,0.8621245580001422,7.274320762117287,,2.286062749107121,Orta
26740,41.14,13.713333333333333,16.505394067798967,3,6.0,2.0,12.863333333333335,32.75,0.85,2,3,0,0,1.0,3.0,2.0,-1,-1,1,2,1,Lüks Alışveriş,0.10176520209664781,0.6587397929920065,0.5426014611149635,2.9724923536257215,,1.0688997024573348,Düşük
26748,232.18,12.898888888888889,9.656620946509973,18,23.740000000000002,1.318888888888889,9.871666666666666,14.95,2.75,4,12,47,0,0.05555555555555555,0.375,1.318888888888889,-1,-1,1,2,1,Lüks Alışveriş,2.465496757725284,0.01824056892667342,0.2961466682086305,1.9689467050140679,,1.187207674968664,Düşük
267863,127.6,21.266666666666666,36.418534658421756,6,35.0,5.833333333333333,4.891666666666667,21.35,0.8,3,5,18,0,0.3333333333333333,0.3157894736842105,5.833333333333333,-1,1,-1,2,1,Büyük Sepet,1.060114346930803,4.263507040994289,0.31506579894525294,0.29842057796581256,,1.484276941209039,Düşük
2692,7.15,7.15,,1,0.2,0.2,35.75,35.75,35.75,1,1,0,0,1.0,1.0,0.2,-1,-1,-1,3,1,Lüks Alışveriş,0.5585346431265236,1.0339335234612395,0.0964447326553938,10.649756335093807,,3.084667308584241,Orta
269400,162.87,7.081304347826087,20.036719769723657,23,29.688000000000002,1.2907826086956522,3.635652173913044,19.9,0.2,8,22,28,0,0.0,0.7931034482758621,1.2907826086956522,-1,-1,1,2,1,Kompleks Anomali,1.5340848731186147,0.008189848022132304,0.1625529595971549,0.12290573249526944,,0.4569333533082928,Düşük
270335,101.67,20.334,13.278188129409823,5,24.355,4.871,4.13,6.95,1.65,3,3,0,0,0.0,5.0,4.871,-1,-1,1,2,1,Büyük Sepet,0.7116579890048049,3.358553732734934,1.181647654885321,0.04292176937777618,,1.323695286500709,Düşük
276304,149.18,4.812258064516129,8.812444121686642,31,155.865,5.027903225806452,1.934193548387097,6.59,0.5,6,26,60,0,0.6451612903225806,0.5081967213114754,5.027903225806452,-1,-1,1,2,1,Büyük Sepet,1.3501138920153786,3.5061014569505,0.2535872393202358,0.6936549469596686,,1.4508643838114457,Düşük
278476,141.34,15.704444444444444,7.524415444257301,9,34.004,3.778222222222222,8.14111111111111,35.29,1.4,4,9,0,0,0.0,9.0,3.778222222222222,-1,-1,-1,3,1,"Büyük Sepet, Sık Alışveriş",1.2447572454230214,2.330933852036311,2.4597400424260356,1.3884370122702796,,1.855967038038912,Düşük
278516,4.93,4.93,,1,0.138,0.138,35.75,35.75,35.75,1,1,0,0,0.0,1.0,0.138,-1,-1,-1,3,1,Lüks Alışveriş,0.5883677751973186,1.0922367154724066,0.0964447326553938,10.649756335093807,,3.1067013896047317,Orta
279118,317.35999999999996,28.850909090909088,88.98293347092411,11,26.03,2.3663636363636367,4.0627272727272725,32.9,0.5,3,10,48,0,0.0,0.22448979591836735,2.3663636363636367,-1,1,-1,2,1,Büyük Sepet,3.6101752215947984,1.0032586548761775,0.344238154729614,0.020355333926594887,,1.2445068412817963,Düşük
279907,71.31,23.77,2.2660317738284244,3,3.218,1.0726666666666667,22.23333333333333,24.9,19.9,2,3,0,0,0.0,3.0,1.0726666666666667,-1,-1,1,2,1,Lüks Alışveriş,0.30366975041501304,0.21330042300298055,0.5426014611149635,6.115630869778762,,1.7938006260779298,Düşük
282965,29.58,29.58,,1,0.824,0.824,35.9,35.9,35.9,1,1,0,0,0.0,1.0,0.824,-1,-1,1,2,1,Lüks Alışveriş,0.2571125024292564,0.44714010709078084,0.0964447326553938,10.700073387113331,,2.8751926823221905,Orta
288517,54.99,27.495,37.48373047069889,2,21.0,10.5,1.8450000000000002,2.7,0.99,2,2,35,0,1.0,0.05555555555555555,10.5,-1,-1,-1,3,1,Büyük Sepet,0.08435591465133041,8.65191934291011,0.3982165463802848,0.7235746563863329,,2.464516615082015,Orta
290066,149.73,7.880526315789473,18.06840658094313,19,46.534,2.449157894736842,5.762105263157895,38.9,0.5,7,19,33,0,0.2631578947368421,0.5588235294117647,2.449157894736842,-1,-1,1,2,1,Büyük Sepet,1.357504983294179,1.0811162281560998,0.23741080481061969,0.59040660556216,,0.8166096554557647,Düşük
29135,198.41,6.613666666666666,14.20730348443541,30,82.256,2.7418666666666667,3.5843333333333334,23.9,0.35,10,25,35,0,0.0,0.8333333333333334,2.7418666666666667,-1,-1,1,2,1,Büyük Sepet,2.0116837532069285,1.356371965787996,0.14969858213625692,0.14012048430214305,,0.9144686963583311,Düşük
292438,517.04,4.4959999999999996,3.955616216106261,115,141.953,1.2343739130434783,4.363913043478261,19.95,0.2,9,99,64,0,0.34782608695652173,1.7692307692307692,1.2343739130434783,-1,1,-1,2,1,Kompleks Anomali,6.293544506232798,0.06123512243678061,0.1493422649485898,0.12138720122271793,,1.6563772737102216,Düşük
295246,513.15,9.163392857142856,8.280165847435603,56,90.371,1.613767857142857,7.843928571428571,27.8,0.35,9,50,68,0,0.07142857142857142,0.8115942028985508,1.613767857142857,-1,-1,-1,3,1,Kompleks Anomali,6.241269333370009,0.2955371028970932,0.15664473641636947,1.2887480168802723,,1.995549797390936,Düşük
29688,127.77,2.323090909090909,2.1994821551541968,55,63.765,1.1593636363636364,2.3525454545454543,8.25,0.25,4,44,0,0,0.0,55.0,1.1593636363636364,-1,1,-1,2,1,Sık Alışveriş,1.0623988660533414,0.13177284121219374,17.157802499144257,0.5533200494620831,,4.726323563967969,Yüksek
302482,44.519999999999996,11.129999999999999,3.260204492563823,4,44.035,11.00875,6.6850000000000005,13.9,0.35,4,4,25,0,0.0,0.15384615384615385,11.00875,-1,1,-1,2,1,Büyük Sepet,0.056343586601473414,9.130334648324325,0.36681043001977576,0.8999888887770319,,2.6133693884306513,Orta
309657,84.73,84.73,,1,4.258,4.258,19.9,19.9,19.9,1,1,0,0,1.0,1.0,4.258,-1,-1,-1,3,1,"Büyük Sepet, Lüks Alışveriş",0.4840123776177472,2.782104431076134,0.0964447326553938,5.332921171697251,,2.1738706782616313,Orta
311049,372.27,10.949117647058824,13.022902289672063,34,47.419,1.3946764705882353,9.64264705882353,57.35,0.5,6,25,55,0,0.0,0.6071428571428571,1.3946764705882353,-1,-1,-1,3,1,Lüks Alışveriş,4.34807489817469,0.08950924518278665,0.22197166357457115,1.8921227615385043,,1.6379196421176379,Düşük
314985,278.05,5.149074074074075,6.388272648249428,54,74.04,1.3711111111111112,4.802222222222222,40.35,0.4,5,41,63,0,0.9814814814814815,0.84375,1.3711111111111112,-1,-1,1,2,1,Kompleks Anomali,3.0819137703772523,0.06734899230525519,0.14637021654370297,0.26841670620602137,,0.891012421358058,Düşük
315989,410.52,31.578461538461536,50.785608336442756,13,158.21,12.17,1.9176923076923076,3.1,0.99,4,9,15,0,0.0,0.8125,12.17,-1,-1,-1,3,1,Büyük Sepet,4.862091700745821,10.222344030952843,0.15635531332136482,0.6991902388691781,,3.984995320972302,Orta
317417,75.15,8.350000000000001,19.2828155361192,9,9.398,1.0442222222222222,6.477777777777778,27.9,1.0,2,7,0,0,0.0,9.0,1.0442222222222222,-1,-1,1,2,1,Sık Alışveriş,0.35527300588882077,0.24004884084322942,2.4597400424260356,0.8304768132093165,,0.9713846755918507,Düşük
319645,267.96,4.701052631578947,4.708177795909447,57,61.877,1.085561403508772,5.068421052631579,35.95,0.75,10,55,1,0,0.017543859649122806,28.5,1.085561403508772,-1,-1,-1,3,1,Sık Alışveriş,2.9463208412807105,0.20117454690558154,8.69044043168702,0.3577123088543181,,3.0489120321819074,Orta
320553,40.55,20.275,10.783378413094848,2,2.0,1.0,20.275,27.9,12.65,1,2,0,0,1.0,2.0,1.0,-1,-1,1,2,1,Lüks Alışveriş,0.10969382728663393,0.2816342717042412,0.2230783642297849,5.4587138017460655,,1.5182800662416813,Düşük
329856,222.05,15.860714285714286,21.5137667782518,14,79.37,5.6692857142857145,3.2935714285714286,10.22,0.5,3,13,47,0,0.0,0.2916666666666667,5.6692857142857145,-1,1,-1,2,1,Büyük Sepet,2.3293662947175573,4.109240914666739,0.32277359294906205,0.23765569688348412,,1.7497591248042106,Düşük
336830,87.09,9.676666666666668,12.00123535307928,9,32.535000000000004,3.615,2.0933333333333333,3.0,0.5,4,7,54,0,0.2222222222222222,0.16363636363636364,3.615,-1,-1,1,2,1,Büyük Sepet,0.5157268783776915,2.1774439074764467,0.3636822318684524,0.6402719813762292,,0.9242812497747048,Düşük
338841,208.26999999999998,5.785277777777777,5.8590191700420835,36,42.264,1.1740000000000002,7.522777777777778,37.9,0.5,6,36,7,0,1.0,4.5,1.1740000000000002,-1,-1,1,2,1,Kompleks Anomali,2.144185862314153,0.11800918444709398,1.0218861064427316,1.1810189422786794,,1.1162750238706645,Düşük
340334,224.2,2.9116883116883114,3.5478749765092528,77,86.172,1.1191168831168832,3.082207792207792,35.95,0.5,5,62,0,0,0.0,77.0,1.1191168831168832,-1,-1,-1,3,1,Sık Alışveriş,2.3582587424437773,0.16961984415366993,24.187310630618185,0.30855699745645226,,6.755936553668021,Yüksek
345166,61.57,2.1989285714285716,1.6967645448426014,28,23.393,0.8354642857142858,5.3846428571428575,37.9,0.5,6,27,1,0,1.0,14.0,0.8354642857142858,-1,-1,-1,3,1,Sık Alışveriş,0.17278024304134457,0.43635939013479874,4.0573555268519295,0.4637879687696668,,1.282570782199435,Düşük
345756,39.9,39.9,,1,1.0,1.0,39.9,39.9,39.9,1,1,0,0,0.0,1.0,1.0,-1,-1,-1,3,1,Lüks Alışveriş,0.11842875334339824,0.2816342717042412,0.0964447326553938,12.041861440967354,,3.134592299667597,Orta
346879,31.53,15.765,13.809795436573273,2,13.068,6.534,12.2,23.9,0.5,2,2,7,0,0.0,0.25,6.534,-1,-1,-1,3,1,"Büyük Sepet, Lüks Alışveriş",0.2309077242589634,4.922395802324793,0.33608705531927785,2.7499791680282617,,2.059842437482824,Orta
348643,179.85999999999999,6.661481481481481,6.242190631072065,27,50.394,1.8664444444444444,7.705185185185185,42.0,0.35,7,26,1,0,0.0,13.5,1.8664444444444444,-1,-1,-1,3,1,Sık Alışveriş,1.7624024018946542,0.533147612351463,3.8975939784093403,1.2422069623271148,,1.8588377387456432,Düşük
349455,23.6,23.6,,1,2.0,2.0,11.8,11.8,11.8,1,1,0,0,1.0,1.0,2.0,-1,-1,1,2,1,Lüks Alışveriş,0.3374738221514881,0.6587397929920065,0.0964447326553938,2.6158003626428603,,0.9271146776104372,Düşük
350146,287.9,57.58,22.188780948939037,5,88.0,17.6,6.1,19.9,1.1,2,5,0,0,0.0,5.0,17.6,-1,-1,-1,3,1,Büyük Sepet,3.214281496006681,15.32857520225347,1.181647654885321,0.7037523859008811,,5.1070641847615885,Yüksek
352914,176.7,5.699999999999999,21.217018954917613,31,36.11,1.1648387096774193,2.4706451612903226,19.95,0.25,3,26,84,0,0.0,0.36470588235294116,1.1648387096774193,-1,-1,-1,3,1,Kompleks Anomali,1.7199372229110002,0.12662422426560171,0.29943587655891907,0.5137038555436012,,0.6649252948197806,Düşük
353717,47.68,23.84,4.440630585851519,2,2.396,1.198,19.9,19.9,19.9,1,1,0,0,0.0,2.0,1.198,-1,-1,1,2,1,Lüks Alışveriş,0.013878407617819132,0.09544020689438422,0.2230783642297849,5.332921171697251,,1.4163295376098097,Düşük
358660,503.25,9.677884615384615,10.486053358878584,52,113.049,2.1740192307692308,8.545192307692307,37.9,0.8,5,42,68,0,0.019230769230769232,0.7536231884057971,2.1740192307692308,-1,-1,-1,3,1,Lüks Alışveriş,6.108229690351599,0.8223829643657823,0.1751678144966697,1.5239848428602016,,2.157441328018563,Orta
362928,8.4,8.4,,1,24.0,24.0,0.35,0.35,0.35,1,1,0,0,1.0,1.0,24.0,-1,-1,-1,3,1,Büyük Sepet,0.5417367084019769,21.346969216309454,0.0964447326553938,1.2250679415142731,,5.802554649720274,Yüksek
363475,338.45,6.267592592592592,6.419069742508596,54,82.0,1.5185185185185186,5.529259259259259,25.5,0.25,9,44,7,0,0.0,6.75,1.5185185185185186,-1,-1,1,2,1,Sık Alışveriş,3.8935899762673523,0.20596709517529468,1.7408130744343837,0.512299108957451,,1.5881673137086205,Düşük
364399,492.02,15.871612903225806,24.771729329590507,31,103.06,3.3245161290322582,7.357741935483871,48.25,0.35,8,25,28,0,0.3225806451612903,1.0689655172413792,3.3245161290322582,-1,1,-1,2,1,Büyük Sepet,5.9573170447862696,1.9042804090058105,0.07440865700814013,1.1256581618667543,,2.2654160681667435,Orta
366412,49.04,12.26,18.498668420546743,4,12.0,3.0,11.559999999999999,39.9,0.35,4,4,68,0,0.5,0.057971014492753624,3.0,-1,-1,1,2,1,"Büyük Sepet, Lüks Alışveriş",0.004397745362487746,1.599113857688254,0.39744475146027225,2.5352930794116184,,1.1340623584806582,Düşük
36642,260.9,4.922641509433962,5.353577937641113,53,235.825,4.449528301886792,3.0605660377358492,24.75,0.25,6,43,69,0,0.2830188679245283,0.7571428571428571,4.449528301886792,-1,-1,-1,3,1,Büyük Sepet,2.8514461059564704,2.9622126788257863,0.17404319904179436,0.31581665936017594,,1.575879660796057,Düşük
366566,93.67,2.9271875,2.805773120268165,32,36.433,1.13853125,3.19375,19.9,0.4,7,31,1,0,0.25,16.0,1.13853125,-1,-1,1,2,1,Sık Alışveriş,0.6041512067677056,0.15136307705428914,4.696401720622287,0.2711404969774304,,1.4307641253554282,Düşük
369100,580.98,4.762131147540984,4.895414658317828,122,148.664,1.2185573770491802,4.162213114754098,23.9,0.25,11,86,40,0,0.05737704918032787,2.975609756097561,1.2185573770491802,-1,1,-1,2,1,Kompleks Anomali,7.152792463262815,0.07610858267915323,0.5348082148494714,0.05372756251639561,,1.9543592058269588,Düşük
374161,53.26,17.753333333333334,26.723106730568084,3,3.409,1.1363333333333332,10.293333333333335,23.9,2.99,2,3,0,0,0.0,3.0,1.1363333333333332,-1,-1,1,2,1,Lüks Alışveriş,0.061107572992557625,0.15342994088398623,0.5426014611149635,2.1103935290245133,,0.7168831260040052,Düşük
376843,905.1,82.28181818181818,156.33728588012406,11,112.455,10.223181818181818,4.760909090909091,13.49,0.75,4,10,71,0,0.0,0.1527777777777778,10.223181818181818,-1,-1,-1,3,1,Büyük Sepet,11.508429745598894,8.391606704091922,0.3671518008497813,0.25455833969020575,,5.130436647557701,Yüksek
378005,44.65,14.883333333333333,21.41753565033413,3,4.99,1.6633333333333333,8.016666666666666,19.9,0.9,2,3,27,0,0.0,0.10714285714285714,1.6633333333333333,-1,-1,1,2,1,Kompleks Anomali,0.054596601390120514,0.3421471912109364,0.3817332120171605,1.3466924950392656,,0.5312923749143708,Düşük
379209,392.51,6.767413793103448,5.866923806270059,58,107.131,1.8470862068965517,5.379827586206896,55.9,0.5,7,52,26,0,0.0,2.1481481481481484,1.8470862068965517,-1,-1,-1,3,1,Kompleks Anomali,4.620067057234551,0.5149436278231957,0.2704151193238855,0.46217270051518095,,1.4668996262242033,Düşük
380969,288.51,41.215714285714284,82.63444234642576,7,12.06,1.7228571428571429,17.242857142857144,76.0,1.5,1,6,0,0,0.0,7.0,1.7228571428571429,-1,-1,-1,3,1,"Lüks Alışveriş, Sık Alışveriş",3.2224788881522595,0.3981218379190464,1.8206938486556783,4.441590535922795,,2.4707212776624448,Orta
382076,15.95,15.95,,1,0.41,0.41,38.9,38.9,38.9,1,1,0,0,1.0,1.0,0.41,-1,-1,-1,3,1,Lüks Alışveriş,0.4402771826657143,0.8364549698750274,0.0964447326553938,11.706414427503848,,3.269897828174996,Orta
382160,423.93,3.8892660550458715,3.697363101019632,109,117.905,1.081697247706422,4.548440366972477,55.9,0.4,10,101,67,0,0.30275229357798167,1.6029411764705883,1.081697247706422,-1,1,-1,2,1,Kompleks Anomali,5.042299944470758,0.20480829880405702,0.09620889929008161,0.1832863407912666,,1.381650870839041,Düşük
385021,230.26999999999998,10.466818181818182,9.12779396827474,22,27.176000000000002,1.2352727272727273,8.527272727272727,18.45,2.8,2,6,0,0,0.0,22.0,1.2352727272727273,-1,-1,-1,3,1,"Lüks Alışveriş, Sık Alışveriş",2.4398295134661763,0.06038990084661492,6.613540301933359,1.5179737731259346,,2.657933372343021,Orta
390428,204.84,4.655454545454545,3.9618919925556444,44,79.81,1.8138636363636365,4.2425,16.9,0.2,7,40,1,0,0.29545454545454547,22.0,1.8138636363636365,-1,-1,-1,3,1,Sık Alışveriş,2.0980923294299973,0.4837019841315004,6.613540301933359,0.08065955839242044,,2.318998543471819,Orta
392425,212.59,7.330689655172414,10.08118754733449,29,62.702999999999996,2.1621724137931033,5.127586206896551,24.9,0.5,7,21,9,0,0.0,2.9,2.1621724137931033,-1,-1,1,2,1,Kompleks Anomali,2.202239524722187,0.8112425249322288,0.5106491514264457,0.3775590831536107,,0.9754225710586182,Düşük
39519,31.0,15.5,20.506096654409877,2,61.0,30.5,0.75,1.0,0.5,2,2,19,0,0.5,0.1,30.5,-1,-1,-1,3,1,Büyük Sepet,0.23803004858217122,27.459400636835063,0.3840155198520546,1.090889136128871,,7.293083835349541,Yüksek
399734,75.9,37.95,28.35498192558056,2,12.0,6.0,7.375,8.95,5.8,2,2,0,0,0.0,2.0,6.0,-1,1,-1,2,1,Büyük Sepet,0.3653517667235488,4.420236051776997,0.2230783642297849,1.1314473280668502,,1.5350283776992955,Düşük
400620,297.81,5.318035714285714,6.129996120314019,56,138.851,2.479482142857143,3.6333928571428573,16.45,0.25,7,44,46,0,0.0,1.1914893617021276,2.479482142857143,-1,-1,1,2,1,Büyük Sepet,3.3474555225028877,1.109632364619845,0.03525945878376386,0.12366361355829653,,1.154002739866198,Düşük
405037,220.3,3.671666666666667,4.2424437979224985,60,75.184,1.2530666666666666,4.069999999999999,38.9,0.25,9,51,1,0,0.08333333333333333,30.0,1.2530666666666666,-1,-1,-1,3,1,Sık Alışveriş,2.305849186103192,0.04365694173177758,9.169725077014789,0.022794948569965702,,2.8855065383549308,Orta
408487,107.42,9.765454545454546,6.2499189812930585,11,32.441,2.9491818181818186,3.15,4.95,0.5,2,10,0,0,0.0,11.0,2.9491818181818186,-1,-1,1,2,1,"Büyük Sepet, Sık Alışveriş",0.7889284887377201,1.5513257574914179,3.098786236196393,0.2858163038164588,,1.4312141965604974,Düşük
410671,340.76,3.3738613861386137,3.3937692821690244,101,109.947,1.0885841584158416,3.6860396039603964,38.95,0.25,9,80,25,0,0.06930693069306931,3.8846153846153846,1.0885841584158416,-1,1,-1,2,1,Kompleks Anomali,3.9246325596383147,0.19833202658703997,0.8252565083595448,0.10600341956978375,,1.263556128538671,Düşük
417735,52.6,17.533333333333335,7.648747174101999,3,5.0,1.6666666666666667,10.583333333333334,12.95,7.9,1,3,0,0,0.0,3.0,1.6666666666666667,-1,-1,1,2,1,Lüks Alışveriş,0.052238263457996974,0.3452817714265906,0.5426014611149635,2.2076731629289292,,0.7869486647321201,Düşük
420299,1077.99,39.925555555555555,43.99038000896712,27,180.471,6.684111111111111,11.253703703703705,76.0,0.9,7,25,15,0,0.0,1.6875,6.684111111111111,-1,-1,-1,3,1,"Büyük Sepet, Lüks Alışveriş",13.831785693220407,5.063556398036419,0.12322739645316655,2.432546901584094,,5.362779097323521,Yüksek
426,45.989999999999995,15.329999999999998,23.88501413020306,3,3.523,1.1743333333333335,10.333333333333334,27.9,1.5,2,3,19,0,0.3333333333333333,0.15,1.1743333333333335,-1,-1,1,2,1,Lüks Alışveriş,0.03658921536540643,0.11769572642552859,0.3680393650077957,2.123811409563053,,0.661533929090446,Düşük
42931,254.1,3.792537313432836,5.381514753324874,67,80.0,1.1940298507462686,3.4246268656716414,25.95,0.5,6,43,51,0,0.0,1.2884615384615385,1.1940298507462686,-1,-1,1,2,1,Kompleks Anomali,2.7600653410549363,0.09917363228556639,0.004274608553899921,0.19369354191006347,,0.7643017809511166,Düşük
430317,553.14,8.38090909090909,7.593628448047284,66,126.567,1.917681818181818,6.401515151515151,55.9,0.4,9,56,51,0,0.030303030303030304,1.2692307692307692,1.917681818181818,-1,-1,-1,3,1,Kompleks Anomali,6.778668861077708,0.5813299097572379,0.01041928349399956,0.804894742990635,,2.0438281993298952,Orta
431708,565.38,7.156708860759494,11.144130997803396,79,110.018,1.392632911392405,5.772658227848101,76.0,0.25,9,66,27,0,0.0379746835443038,2.8214285714285716,1.392632911392405,-1,-1,-1,3,1,Kompleks Anomali,6.943154237900471,0.08758753511535629,0.48554376524261034,0.5939465660506756,,2.0275580260772785,Orta
431924,320.03,7.111777777777777,8.110218102909913,45,51.829,1.1517555555555556,6.107333333333333,25.9,1.0,9,43,4,0,0.0,9.0,1.1517555555555556,-1,-1,1,2,1,Sık Alışveriş,3.6460556101664308,0.13892728308622612,2.4597400424260356,0.7062123306662802,,1.7377338165862433,Düşük
433250,138.71,12.610000000000001,15.953767580104705,11,14.535,1.3213636363636363,7.8590909090909085,20.9,0.9,2,8,38,0,0.2727272727272727,0.28205128205128205,1.3213636363636363,-1,-1,1,2,1,Kompleks Anomali,1.209414390762575,0.02056775726859831,0.3258459304191118,1.2938341777662286,,0.7124155640541283,Düşük
435292,137.7,45.9,37.41229744348775,3,5.0,1.6666666666666667,45.300000000000004,67.5,0.9,1,1,0,0,1.0,3.0,1.6666666666666667,-1,-1,-1,3,1,Lüks Alışveriş,1.1958416595051409,0.3452817714265906,0.5426014611149635,13.853275313670283,,3.9842500514292443,Orta
435496,57.03,8.147142857142857,8.485773809315043,7,56.0,8.0,4.475714285714285,15.75,0.5,4,7,0,0,1.0,7.0,8.0,-1,-1,-1,3,1,"Büyük Sepet, Sık Alışveriş",0.11177014412179072,6.300984181169492,1.8206938486556783,0.15889059403230205,,2.0980846919948157,Orta
437605,111.51,55.755,20.315177823489513,2,4.896,2.448,22.4,24.9,19.9,1,2,0,0,0.0,2.0,2.448,-1,-1,-1,3,1,"Büyük Sepet, Lüks Alışveriş",0.8438913311564372,1.0800273739759254,0.2230783642297849,6.171538705356014,,2.07963394367954,Orta
437658,397.21,3.7122429906542056,3.595340619025354,107,112.241,1.048981308411215,4.15785046728972,33.45,0.5,7,81,52,0,0.0,2.018867924528302,1.048981308411215,-1,1,-1,2,1,Kompleks Anomali,4.683227291798847,0.2355735196194465,0.2291071019068638,0.0522641254536757,,1.3000430096947084,Düşük
441009,246.91,3.9824193548387097,3.214095332261498,62,98.709,1.5920806451612903,4.231290322580644,25.0,0.2,8,54,0,0,0.0,62.0,1.5920806451612903,-1,1,-1,2,1,Sık Alışveriş,2.663443620519343,0.27514301121405804,19.394464177340506,0.07689930558020841,,5.602487528663529,Yüksek
443264,40.849999999999994,20.424999999999997,6.328605691619601,2,2.0,1.0,20.424999999999997,24.9,15.95,1,2,0,0,0.0,2.0,1.0,-1,-1,1,2,1,Lüks Alışveriş,0.10566232295274275,0.2816342717042412,0.2230783642297849,5.509030853765591,,1.52985145316309,Düşük
445589,173.76,7.239999999999999,10.168306686443186,24,33.124,1.3801666666666668,6.437083333333334,50.35,0.75,6,21,0,0,0.0,24.0,1.3801666666666668,-1,-1,-1,3,1,Sık Alışveriş,1.680428480438866,0.0758646018911157,7.252586495703716,0.8168259833558712,,2.456426390347392,Orta
446167,47.91,23.955,2.6940768363207437,2,4.15,2.075,14.2,19.9,8.5,1,2,0,0,0.0,2.0,2.075,-1,-1,1,2,1,Lüks Alışveriş,0.010787587628502567,0.7292678478442252,0.2230783642297849,3.4208731949552718,,1.096001748664446,Düşük
447305,89.8,14.966666666666667,30.000711102683326,6,6.0,1.0,14.966666666666667,76.0,0.35,3,6,20,0,1.0,0.2857142857142857,1.0,-1,-1,-1,3,1,Lüks Alışveriş,0.5521448008605088,0.2816342717042412,0.3246755161448071,3.678049238610627,,1.209125956830046,Düşük
447481,125.43,31.3575,22.58434173640371,4,6.254,1.5635,17.8875,23.9,9.5,2,4,33,0,0.5,0.11764705882352941,1.5635,-1,-1,1,2,1,Lüks Alışveriş,1.03095313224899,0.24826651375209424,0.3783768769658456,4.657834057101947,,1.5788576450172194,Düşük
45067,15.42,1.542,0.9758392399479651,10,8.235,0.8234999999999999,7.065,42.0,0.75,1,10,0,0,1.0,10.0,0.8234999999999999,-1,-1,1,2,1,Sık Alışveriş,0.4473995069889221,0.447610294123129,2.779263139311215,1.0274587538931639,,1.1754329235791074,Düşük
453364,143.89,20.555714285714284,49.37493151291212,7,56.055,8.007857142857143,1.977142857142857,3.95,0.99,3,7,71,0,0.0,0.09722222222222222,8.007857142857143,-1,1,-1,2,1,Büyük Sepet,1.2790250322610965,6.308372834534962,0.384903084010069,0.679247729607227,,2.1628871701033385,Orta
458339,259.88,28.875555555555554,81.65354648009955,9,15.54,1.7266666666666666,5.093333333333333,32.9,0.35,4,8,61,0,0.3333333333333333,0.14516129032258066,1.7266666666666666,-1,-1,-1,3,1,Kompleks Anomali,2.8377389912212405,0.4017042153083653,0.369585444508853,0.36606905901428594,,0.9937744275131862,Düşük
45874,13.83,6.915,1.294005409571382,2,43.13,21.565,1.325,2.5,0.15,2,2,2,0,0.5,0.6666666666666666,21.565,-1,-1,-1,3,1,Büyük Sepet,0.46876647995854565,19.057158368774093,0.20295243161712004,0.8980071033873556,,5.156721095934279,Yüksek
461243,131.36,3.054883720930233,3.6924126659517706,43,136.331,3.170488372093023,1.7309302325581393,4.85,0.25,8,37,48,0,0.11627906976744186,0.8775510204081632,3.170488372093023,-1,-1,1,2,1,Büyük Sepet,1.11064253458224,1.7594367011368162,0.13557000982500753,0.7618390192011817,,0.9418720661863114,Düşük
461415,279.98,139.99,186.66204809762482,2,12.38,6.19,15.95,23.9,8.0,2,2,20,0,0.0,0.09523809523809523,6.19,-1,-1,-1,3,1,"Büyük Sepet, Lüks Alışveriş",3.107849781591953,4.598907124069284,0.38553705840865077,4.007905468516406,,3.0250498581465735,Orta
461524,593.58,4.60139534883721,5.003007805339772,129,160.398,1.2433953488372094,4.475116279069767,29.75,0.45,7,94,82,0,0.3798449612403101,1.5542168674698795,1.2433953488372094,-1,-1,-1,3,1,Kompleks Anomali,7.322115645286247,0.05275159819003352,0.08064035718458476,0.1586899944893672,,1.903549398787558,Düşük
462387,34.92,4.365,3.3330766567842396,8,3.368,0.421,19.52375,37.9,2.0,2,7,0,0,0.0,8.0,0.421,-1,-1,1,2,1,"Lüks Alışveriş, Sık Alışveriş",0.18535172528599253,0.8261108551633686,2.140216945540857,5.206709232881607,,2.0895971897179564,Orta
466479,49.0,49.0,,1,2.05,2.05,23.9,23.9,23.9,1,1,0,0,1.0,1.0,2.05,-1,-1,1,2,1,Lüks Alışveriş,0.0038602114513022613,0.7057584962268186,0.0964447326553938,6.674709225551271,,1.8701931664711964,Düşük
466718,123.97,8.264666666666667,17.58597040933753,15,197.15,13.143333333333334,0.8453333333333333,2.1,0.2,4,13,27,0,0.13333333333333333,0.5357142857142857,13.143333333333334,-1,1,-1,2,1,Büyük Sepet,1.0113331444907192,11.137641453923859,0.2447947419235125,1.0589098541786834,,3.363169798629193,Orta
468946,102.47,11.385555555555555,2.403310795086182,9,36.682,4.075777777777778,13.044444444444444,29.5,0.5,3,9,4,0,0.0,1.8,4.075777777777778,-1,-1,1,2,1,"Büyük Sepet, Lüks Alışveriş",0.7224086672285148,2.61074737928704,0.15917374485274915,3.0332455349529996,,1.631393831580326,Düşük
470998,72.69,9.08625,18.613361512250126,8,17.0,2.125,2.8987499999999997,5.6,0.9,4,7,0,0,0.0,8.0,2.125,-1,-1,1,2,1,Sık Alışveriş,0.3222146703509126,0.7762865510790373,2.140216945540857,0.37009736594916454,,0.9022038832299928,Düşük
471931,173.05,15.731818181818182,39.72505502027198,11,60.597,5.508818181818182,5.904545454545455,23.9,0.35,5,10,61,0,0.18181818181818182,0.1774193548387097,5.508818181818182,-1,1,-1,2,1,Büyük Sepet,1.6708872535153239,3.9583414089084674,0.35927824783513757,0.6381877423602873,,1.6566736631548042,Düşük
472562,91.31,30.436666666666667,19.10357383667604,3,3.232,1.0773333333333335,28.53333333333333,49.75,15.95,3,3,75,0,0.3333333333333333,0.039473684210526314,1.0773333333333335,-1,-1,-1,3,1,Lüks Alışveriş,0.5724367060077613,0.20891201070106458,0.40335507571615753,8.228947054598844,,2.353412711755957,Orta
474415,123.28,24.656,24.235102227966774,5,8.885,1.777,23.330000000000002,59.45,0.8,3,5,24,0,0.6,0.2,1.777,-1,1,-1,2,1,Lüks Alışveriş,1.0020606845227695,0.4490363765647431,0.35206321016353676,6.483504427877074,,2.071666174782031,Orta
474739,1194.24,15.116962025316456,53.47481792573816,79,133.512,1.6900253164556962,6.232025316455696,25.9,0.25,8,71,70,0,0.9493670886075949,1.1126760563380282,1.6900253164556962,-1,-1,-1,3,1,Kompleks Anomali,15.393993622603256,0.3672476398745164,0.060442130189458154,0.7480398840075185,,4.142430819168688,Yüksek
476139,30.95,30.95,,1,1.0,1.0,30.95,30.95,30.95,1,1,0,0,0.0,1.0,1.0,-1,-1,1,2,1,Lüks Alışveriş,0.2387019659711531,0.2816342717042412,0.0964447326553938,9.039610670468981,,2.4140979101999425,Orta
478321,65.82,21.939999999999998,26.659694296821932,3,36.496,12.165333333333335,8.283333333333333,19.9,1.5,3,3,0,0,0.0,3.0,12.165333333333335,-1,-1,-1,3,1,Büyük Sepet,0.2298932211048035,10.21795561865093,0.5426014611149635,1.4361450319628672,,3.1066488332083915,Orta
478404,67.69999999999999,11.283333333333331,14.530611365894647,6,8.0,1.3333333333333333,10.308333333333334,39.9,0.5,2,6,0,0,1.0,6.0,1.3333333333333333,-1,-1,1,2,1,"Lüks Alışveriş, Sık Alışveriş",0.2551573149305218,0.0318237498611746,1.5011707517704995,2.1154252342264654,,0.9758942626971654,Düşük
479662,389.35,8.111458333333333,11.15190871738018,48,107.896,2.2478333333333333,5.202083333333333,45.95,0.25,9,40,62,0,0.0,0.7619047619047619,2.2478333333333333,-1,-1,1,2,1,Büyük Sepet,4.577601878250897,0.8917958320258932,0.17252166048519826,0.4025489217284423,,1.511117073122608,Düşük
485041,51.25,25.625,34.11790219225092,2,2.0,1.0,25.625,49.75,1.5,2,2,4,0,0.5,0.4,1.0,-1,-1,1,2,1,Lüks Alışveriş,0.034096493955486445,0.2816342717042412,0.288158590786501,7.253355323775818,,1.9643111700555116,Düşük
48677,121.1,24.22,31.304185023731254,5,65.0,13.0,1.24,1.95,0.5,2,4,40,0,0.0,0.12195121951219512,13.0,-1,1,-1,2,1,Büyük Sepet,0.9727650863631598,11.00285450465073,0.37700159821311174,0.9265200995317534,,3.3197853221896882,Orta
488887,343.49,11.080322580645161,36.57975774330853,31,70.66,2.2793548387096774,4.238709677419355,17.9,0.5,9,28,9,0,0.0,3.1,2.2793548387096774,-1,-1,-1,3,1,Büyük Sepet,3.961319249076725,0.9214378381619904,0.5745537708034815,0.07938810600268,,1.3841747410112193,Düşük
489162,88.5,17.7,33.857920048343196,5,16.272,3.2543999999999995,5.54,23.9,0.5,3,4,0,0,0.0,5.0,3.2543999999999995,-1,1,-1,2,1,Büyük Sepet,0.5346749487469802,1.838345019746979,1.181647654885321,0.5159020583613184,,1.0176424204351495,Düşük
490834,43.54,43.54,,1,2.188,2.188,19.9,19.9,19.9,1,1,0,0,0.0,1.0,2.188,-1,-1,1,2,1,"Büyük Sepet, Lüks Alışveriş",0.06951316742551804,0.8355301171549011,0.0964447326553938,5.332921171697251,,1.583602297233266,Düşük
491557,329.4,21.959999999999997,68.7021771333132,15,118.66,7.910666666666667,3.812,13.49,0.65,5,14,57,0,0.9333333333333333,0.25862068965517243,7.910666666666667,-1,1,-1,2,1,Büyük Sepet,3.7719729288616333,6.216977431389961,0.33333254586337113,0.06375038090361847,,2.596508321754646,Orta
497791,176.62,16.05636363636364,43.462949801578645,11,14.29,1.299090909090909,10.367272727272727,73.5,0.5,2,11,65,0,0.18181818181818182,0.16666666666666666,1.299090909090909,-1,-1,-1,3,1,Lüks Alışveriş,1.7188621550886294,0.00037693780872715717,0.36271398005970934,2.1351962778987836,,1.0542873377139623,Düşük
50699,425.05,15.742592592592594,50.25186721311516,27,131.763,4.880111111111112,5.336666666666667,23.9,0.5,7,25,24,0,0.5925925925925926,1.08,4.880111111111112,-1,1,-1,2,1,Büyük Sepet,5.057350893983952,3.367121585324389,0.07088288490457949,0.4476944989570724,,2.2357624657924986,Orta
507119,67.95,16.9875,28.67595900750313,4,6.585,1.64625,6.449999999999999,19.95,1.0,3,4,0,0,0.0,4.0,1.64625,-1,-1,1,2,1,Kompleks Anomali,0.2585169018754313,0.3260824676057088,0.8621245580001422,0.8211588406131077,,0.5669706920235975,Düşük
511822,120.44,2.6182608695652174,1.7887901614068358,46,75.68599999999999,1.6453478260869563,2.1882608695652173,5.95,0.35,10,39,46,0,0.2608695652173913,0.9787234042553191,1.6453478260869563,-1,-1,1,2,1,Kompleks Anomali,0.9638957768285992,0.325234086656037,0.10324309641890825,0.608428822851795,,0.5002004456888348,Düşük
512849,335.11,10.154848484848486,23.17439051534205,33,38.036,1.1526060606060606,10.314242424242424,95.0,0.5,8,31,49,0,0.030303030303030304,0.66,1.1526060606060606,-1,1,-1,2,1,Lüks Alışveriş,3.8487058946833637,0.13812749019483805,0.20508258559635456,2.117407421124204,,1.5773308478996901,Düşük
517116,168.08,5.795862068965517,9.696913174982681,29,88.996,3.0688275862068966,3.6658620689655175,15.9,0.45,9,27,22,0,0.10344827586206896,1.2608695652173914,3.0688275862068966,-1,-1,1,2,1,Büyük Sepet,1.6040986650505258,1.6638375346928647,0.013090881294042823,0.11277191342287125,,0.848449748615076,Düşük
518804,575.32,4.794333333333333,4.758522779983201,120,165.77,1.3814166666666667,4.232083333333334,21.35,0.2,8,97,62,0,0.16666666666666666,1.9047619047619047,1.3814166666666667,-1,1,-1,2,1,Kompleks Anomali,7.076731414830068,0.07704006947198598,0.19264759309786308,0.07716531866884246,,1.8558960990171898,Düşük
519439,34.9,34.9,,1,1.0,1.0,34.9,34.9,34.9,1,1,0,0,0.0,1.0,1.0,-1,-1,1,2,1,Lüks Alışveriş,0.1856204922415853,0.2816342717042412,0.0964447326553938,10.364626373649827,,2.732081467562762,Orta
519503,50.9,25.45,24.67802666341051,2,2.0,1.0,25.45,42.9,8.0,2,2,4,0,0.0,0.4,1.0,-1,-1,1,2,1,Lüks Alışveriş,0.02939307223261333,0.2816342717042412,0.288158590786501,7.194652096419704,,1.948459507785765,Düşük
522345,33.57,16.785,13.852221843444465,2,3.874,1.937,8.120000000000001,9.25,6.99,2,2,49,0,0.0,0.04,1.937,-1,-1,1,2,1,Kompleks Anomali,0.20349349478850307,0.5994962269161429,0.40318690566516535,1.3813553530971618,,0.6468829951167433,Düşük
522373,24.84,24.84,,1,36.0,36.0,0.69,0.69,0.69,1,1,0,0,0.0,1.0,36.0,-1,-1,-1,3,1,Büyük Sepet,0.3208102709047377,32.63145799266443,0.0964447326553938,1.1110159569366813,,8.53993223829031,Yüksek
525058,64.81,7.2011111111111115,4.8525803559664125,9,44.175,4.908333333333333,12.738888888888889,30.45,0.4,3,9,49,0,0.0,0.18,4.908333333333333,-1,-1,1,2,1,"Büyük Sepet, Lüks Alışveriş",0.21632048984736985,3.39366103115026,0.35845367210124035,2.930747836394707,,1.7247957573733943,Düşük
525590,427.74,3.42192,3.7826159441113187,125,129.889,1.039112,4.928319999999999,37.9,0.25,10,106,68,0,0.08,1.8115942028985508,1.039112,-1,1,-1,2,1,Kompleks Anomali,5.093500049511177,0.24485436128584154,0.1628783604688092,0.3107158291659614,,1.4529871501079474,Düşük
528308,233.52,3.198904109589041,4.03314585020312,73,76.733,1.05113698630137,3.258356164383562,21.9,0.3,8,65,7,0,0.0,9.125,1.05113698630137,-1,-1,-1,3,1,Sık Alışveriş,2.4835041437499985,0.23354637603970557,2.4996804295366832,0.24946855208363233,,1.366549875352505,Düşük
533671,194.61,3.815882352941177,4.060790650339211,51,73.575,1.4426470588235294,3.0021568627450983,13.75,0.25,8,41,3,0,0.0,12.75,1.4426470588235294,-1,1,-1,2,1,Sık Alışveriş,1.9606180316443065,0.13461954222748015,3.657951655745456,0.33540984266969065,,1.5221497680717333,Düşük
53514,228.46,32.637142857142855,29.53347463150118,7,42.769999999999996,6.109999999999999,8.557142857142857,14.95,3.75,4,5,0,0,0.0,7.0,6.109999999999999,-1,-1,-1,3,1,"Büyük Sepet, Lüks Alışveriş, Sık Alışveriş",2.415506103985033,4.5236771988935836,1.8206938486556783,1.5279936189826366,,2.5719676926292325,Orta
538587,166.84,3.7075555555555555,4.200271179316639,45,97.73,2.171777777777778,3.2353333333333336,13.95,0.45,9,39,70,0,0.1111111111111111,0.6338028169014085,2.171777777777778,-1,-1,1,2,1,Kompleks Anomali,1.5874351138037754,0.8202751601053841,0.21345319066968457,0.25719149200090624,,0.7195887391449376,Düşük
539730,210.54,5.2635,7.532765539074389,40,55.849000000000004,1.396225,4.3149999999999995,41.65,0.5,6,36,4,0,0.0,8.0,1.396225,-1,-1,-1,3,1,Sık Alışveriş,2.17469091177393,0.09096544208002956,2.140216945540857,0.10497946686852448,,1.1277131915658352,Düşük
540369,182.65,4.247674418604651,5.044820935615579,43,111.248,2.5871627906976746,3.4634883720930234,25.5,0.2,7,37,10,0,0.023255813953488372,3.909090909090909,2.5871627906976746,-1,-1,1,2,1,Büyük Sepet,1.7998953921998428,1.2108924531187708,0.8330770037378533,0.18065756564231805,,1.0061306036746964,Düşük
544598,352.03000000000003,7.184285714285715,7.579363979473038,49,67.11,1.3695918367346938,7.833673469387755,37.9,0.75,5,45,7,0,0.0,6.125,1.3695918367346938,-1,-1,-1,3,1,Sık Alışveriş,4.076082739114828,0.0659203060845147,1.541111138881147,1.2853079735279171,,1.7421055394021017,Düşük
545922,182.06,18.206,21.47502849564789,10,15.427,1.5427,12.029,19.9,4.5,6,10,7,0,0.9,1.25,1.5427,-1,-1,1,2,1,Lüks Alışveriş,1.791966767009857,0.22870673320641235,0.01656395843409913,2.6926177287260025,,1.1824637968440928,Düşük
54865,461.29,46.129000000000005,136.68025895416565,10,25.225,2.5225,5.654,32.9,0.85,3,8,27,0,0.0,0.35714285714285715,2.5225,-1,-1,-1,3,1,Büyük Sepet,5.544356617518012,1.1500852417957959,0.3018524377958658,0.5541430178961579,,1.887609328751458,Düşük
551260,227.68,14.23,20.9405498176783,16,69.844,4.36525,7.465,74.75,0.25,5,12,56,0,0.125,0.2807017543859649,4.36525,-1,-1,-1,3,1,Büyük Sepet,2.405024192716916,2.882959549514806,0.3262771356780662,1.1616375592785657,,1.6939746092970884,Düşük
551326,72.77000000000001,9.096250000000001,17.4250344844914,8,17.176,2.147,9.01875,51.95,0.35,7,8,75,0,0.625,0.10526315789473684,2.147,-1,-1,1,2,1,Lüks Alışveriş,0.32328973817328377,0.7969747805023546,0.3823338193421326,1.682838356447487,,0.7963591736163145,Düşük
552202,39.9,39.9,,1,1.0,1.0,39.9,39.9,39.9,1,1,0,0,0.0,1.0,1.0,-1,-1,-1,3,1,Lüks Alışveriş,0.11842875334339824,0.2816342717042412,0.0964447326553938,12.041861440967354,,3.134592299667597,Orta
552618,161.5,13.458333333333334,29.401880840682576,12,62.6,5.216666666666667,6.173333333333333,23.9,0.35,5,11,74,0,0.16666666666666666,0.16,5.216666666666667,-1,1,-1,2,1,Büyük Sepet,1.5156743366605114,3.68360970109827,0.36484413403894395,0.7283518335548714,,1.5731200013381492,Düşük
558740,145.24,29.048000000000002,57.83752994380033,5,54.774,10.9548,2.8899999999999997,4.2,1.6,2,5,15,0,0.0,0.3125,10.9548,-1,1,-1,2,1,Büyük Sepet,1.2971668017636073,9.079601467533964,0.31611686176395415,0.37303252731697023,,2.766479414594624,Orta
558812,31.22,15.61,4.963889603929564,2,10.05,5.025,4.1450000000000005,5.9,2.39,2,2,0,0,0.0,2.0,5.025,-1,-1,1,2,1,Büyük Sepet,0.235073612070651,3.503371338698156,0.2230783642297849,0.04795347457972894,,1.0023691973945803,Düşük
56002,124.45,2.7655555555555558,2.014306282068295,45,44.438,0.9875111111111111,4.249333333333333,27.45,0.2,8,42,7,0,0.0,5.625,0.9875111111111111,-1,-1,1,2,1,Sık Alışveriş,1.0177835514249454,0.29337849891222545,1.3813495904385575,0.08295177965108784,,0.693865855106704,Düşük
561824,37.55,7.51,6.897861987601666,5,58.0,11.6,1.31,2.6,0.35,2,5,0,0,0.0,5.0,11.6,-1,1,-1,2,1,Büyük Sepet,0.1500088706255462,9.686330814075983,1.181647654885321,0.9030388085893082,,2.9802565370440397,Orta
566457,149.22,49.74,41.12445379576487,3,8.022,2.674,16.849999999999998,24.9,1.75,2,3,0,0,0.0,3.0,2.674,-1,-1,-1,3,1,"Büyük Sepet, Lüks Alışveriş",1.350651425926564,1.2925519125972773,0.5426014611149635,4.30980778063356,,1.8739031450680912,Düşük
567147,386.64,6.04125,5.283845851662118,64,99.709,1.557953125,5.3128125,33.45,0.45,8,54,0,0,0.0,64.0,1.557953125,-1,1,-1,2,1,Sık Alışveriş,4.541183955768079,0.24305037636198237,20.033510371110864,0.4396926899900782,,6.314359348307751,Yüksek
570460,54.76,13.69,21.769077457102618,4,6.859999999999999,1.7149999999999999,6.6499999999999995,22.95,0.35,2,4,24,0,0.25,0.16,1.7149999999999999,-1,-1,1,2,1,Kompleks Anomali,0.08126509466201375,0.3907331845535757,0.36484413403894395,0.8882482433058089,,0.4312726641400856,Düşük
571924,18.6,2.6571428571428575,1.5410247054661852,7,4.3469999999999995,0.6209999999999999,11.035714285714286,55.9,1.4,3,7,0,0,0.0,7.0,0.6209999999999999,-1,-1,1,2,1,"Lüks Alışveriş, Sık Alışveriş",0.40466556104967516,0.6380360422241191,1.8206938486556783,2.3594230023528957,,1.305704613570592,Düşük
572094,337.13,5.812586206896552,10.405528314794106,58,72.01,1.241551724137931,5.867758620689655,74.5,0.5,9,51,12,0,0.017241379310344827,4.461538461538462,1.241551724137931,-1,-1,-1,3,1,Kompleks Anomali,3.875851357198231,0.054485295042268296,1.0095967565625323,0.6258477088085808,,1.3914452794029033,Düşük
572558,263.86,4.797454545454546,4.571541687513459,55,158.195,2.876272727272727,4.012,23.5,0.35,7,46,50,0,0.01818181818181818,1.0784313725490196,2.876272727272727,-1,-1,1,2,1,Büyük Sepet,2.8912236153841975,1.4827639393199272,0.07138409760557589,0.0033390217890824636,,1.1121776685246958,Düşük
573451,425.05,6.0721428571428575,7.4127500603728,70,263.61,3.765857142857143,4.402571428571429,32.9,0.35,7,59,50,0,0.014285714285714285,1.3725490196078431,3.765857142857143,-1,-1,-1,3,1,Büyük Sepet,5.057350893983952,2.3193060520934803,0.0225932838312414,0.13435504104754317,,1.8834013177390543,Düşük
573671,215.59,5.826756756756756,4.834750972590726,37,86.831,2.346783783783784,2.98,7.99,0.5,3,28,19,0,0.8648648648648649,1.85,2.346783783783784,-1,-1,1,2,1,Büyük Sepet,2.242554568061099,0.984846269319508,0.17514989969700812,0.34284229610525463,,0.9363482582957176,Düşük
574026,643.0799999999999,32.153999999999996,117.21605954278128,20,226.004,11.3002,5.4525,10.95,0.95,4,18,75,0,0.45,0.2631578947368421,11.3002,-1,-1,-1,3,1,Büyük Sepet,7.987313860378297,9.404406669480048,0.33188280404447285,0.4865504446832616,,4.55253844464652,Yüksek
575961,307.71999999999997,30.772,57.62041821746485,10,108.224,10.8224,3.465,9.9,0.9,5,9,58,0,0.1,0.1694915254237288,10.8224,-1,1,-1,2,1,Büyük Sepet,3.480629548999094,8.955095941368182,0.36181137244138967,0.18015049457545473,,3.24442183934603,Orta
57720,325.5,19.147058823529413,61.525978838689134,17,26.897,1.5821764705882353,6.3994117647058815,32.9,0.45,6,17,46,0,0.6470588235294118,0.3617021276595745,1.5821764705882353,-1,-1,-1,3,1,Kompleks Anomali,3.7195633725210477,0.2658293823133331,0.30039564556082704,0.8041891681673069,,1.2724943921406286,Düşük
577651,85.64,14.273333333333333,8.29788326422267,6,21.014,3.502333333333333,8.715,21.9,0.99,4,6,0,0,0.0,6.0,3.502333333333333,-1,-1,1,2,1,"Büyük Sepet, Lüks Alışveriş, Sık Alışveriş",0.4962412740972172,2.0714950961873355,1.5011707517704995,1.580946326107947,,1.4124633620407498,Düşük
577816,140.56,6.111304347826087,8.072921237832867,23,184.906,8.039391304347827,3.7086956521739127,19.95,0.25,6,17,82,0,0.043478260869565216,0.27710843373493976,8.039391304347827,-1,1,-1,2,1,Büyük Sepet,1.234275334154904,6.338026742152746,0.3274252846205832,0.09840351585967452,,1.9995327191969767,Düşük
584192,285.56,95.18666666666667,159.3257764246995,3,10.485,3.4949999999999997,13.1,32.9,2.95,2,3,22,0,0.0,0.13043478260869565,3.4949999999999997,-1,-1,-1,3,1,"Büyük Sepet, Lüks Alışveriş",3.1828357622023296,2.064599019712896,0.37429090385989705,3.051881480145417,,2.168401791480135,Orta
584639,310.77,6.3422448979591834,18.354110605132632,49,64.495,1.3162244897959186,5.46469387755102,38.5,0.35,4,36,69,0,0.16326530612244897,0.7,1.3162244897959186,-1,-1,1,2,1,Kompleks Anomali,3.5216165097269885,0.015735037121643803,0.19230166172094743,0.490640844490291,,1.0550735132649676,Düşük
586548,434.47,14.015161290322581,25.01561790441693,31,85.21,2.7487096774193547,4.239032258064516,23.9,0.4,6,30,66,0,0.7741935483870968,0.4626865671641791,2.7487096774193547,-1,1,-1,2,1,Büyük Sepet,5.183940130068137,1.3628069556242615,0.26812878471310175,0.07949631471670038,,1.7235930462805502,Düşük
589368,84.91,16.982,15.90139836618151,5,9.366,1.8732,15.966,35.29,1.49,3,4,0,0,0.0,5.0,1.8732,-1,-1,1,2,1,Lüks Alışveriş,0.4864312802180818,0.5395003615885222,1.181647654885321,4.013272620731822,,1.5552129793559368,Düşük
590705,38.88,38.88,,1,1.954,1.954,19.9,19.9,19.9,1,1,0,0,0.0,1.0,1.954,-1,-1,1,2,1,Lüks Alışveriş,0.13213586807862834,0.6154825860159789,0.0964447326553938,5.332921171697251,,1.5442460896118129,Düşük
594388,220.67,4.695106382978723,5.073158638894822,47,114.021,2.4259787234042554,3.8448936170212766,23.9,0.35,7,38,54,0,0.0851063829787234,0.8545454545454545,2.4259787234042554,-1,-1,1,2,1,Büyük Sepet,2.310821374781657,1.0593191365937846,0.14292081947505617,0.05271631531181885,,0.8914444115405791,Düşük
59501,129.08,5.378333333333334,11.15166576235866,24,25.0,1.0416666666666667,5.261666666666667,51.95,0.5,5,21,0,0,0.0,24.0,1.0416666666666667,-1,-1,1,2,1,Sık Alışveriş,1.0800031016446667,0.24245201900856414,7.252586495703716,0.4225359729473095,,2.249394397326064,Orta
599275,175.35999999999999,4.078139534883721,4.588889924804385,43,80.887,1.881093023255814,3.5751162790697673,55.9,0.25,10,34,70,0,0.0,0.6056338028169014,1.881093023255814,-1,-1,1,2,1,Kompleks Anomali,1.7019298368862859,0.5469227559503341,0.22245384128616852,0.14321231762778738,,0.653629687937644,Düşük
600995,423.94,24.93764705882353,46.25479739029939,17,51.980000000000004,3.05764705882353,10.326470588235294,47.5,0.35,5,15,37,0,0.7647058823529411,0.4473684210526316,3.05764705882353,-1,1,-1,2,1,"Büyük Sepet, Lüks Alışveriş",5.042434327948555,1.6533236567119205,0.27302328619720306,2.121509322215754,,2.2725726482683584,Orta
605,267.38,22.281666666666666,27.117182688651432,12,103.544,8.628666666666666,4.42,21.35,0.85,4,11,62,0,0.0,0.19047619047619047,8.628666666666666,-1,1,-1,2,1,Büyük Sepet,2.938526599568521,6.892166009841866,0.35510628727672894,0.14020140328219266,,2.581500074992327,Orta
607456,132.01,4.00030303030303,2.470702689581049,33,39.0,1.1818181818181819,3.8412121212121213,12.45,0.5,7,29,1,0,1.0,16.5,1.1818181818181819,-1,-1,1,2,1,Sık Alışveriş,1.1193774606390041,0.11065716903219612,4.856163269064877,0.053951262086078415,,1.535037290205539,Düşük
61037,84.02,6.4630769230769225,5.5497513226801205,13,75.934,5.841076923076923,6.441538461538461,37.9,0.35,5,13,50,0,0.3076923076923077,0.2549019607843137,5.841076923076923,-1,-1,-1,3,1,Büyük Sepet,0.4744711506942045,4.270788911956808,0.33452076562866423,0.8183204428068782,,1.4745253177716386,Düşük
610495,405.11,12.276060606060607,30.96010638097376,33,79.28999999999999,2.4027272727272724,5.568484848484848,25.5,0.69,8,30,54,0,0.24242424242424243,0.6,2.4027272727272724,-1,1,-1,2,1,Büyük Sepet,4.789390239257982,1.0374540754105859,0.2242539714094653,0.5254572157145212,,1.6441388754481385,Düşük
613771,29.77,14.885,14.941166286471748,2,12.024999999999999,6.012499999999999,3.4,4.5,2.3,1,2,0,0,1.0,2.0,6.012499999999999,-1,-1,1,2,1,Büyük Sepet,0.2545592163511253,4.4319907275857,0.2230783642297849,0.20195455045058253,,1.2778957146542982,Düşük
615054,857.61,40.83857142857143,35.425842302719396,21,125.715,5.986428571428571,12.918571428571427,73.5,1.1,4,18,0,0,0.0,21.0,5.986428571428571,-1,-1,-1,3,1,"Büyük Sepet, Lüks Alışveriş, Sık Alışveriş",10.870242609543913,4.407473832327548,6.2940172050481795,2.991021807702752,,6.140688863655598,Yüksek
621004,202.32,4.705116279069768,6.349355187393525,43,62.298,1.4487906976744187,5.337674418604651,55.9,0.35,4,36,54,0,0.06976744186046512,0.7818181818181819,1.4487906976744187,-1,-1,1,2,1,Kompleks Anomali,2.0642276930253107,0.14039686086571673,0.16615886288488732,0.4480325463349813,,0.704703990777724,Düşük
628359,542.7,60.300000000000004,53.14520698049825,9,32.456,3.6062222222222227,13.488888888888889,23.9,2.5,3,6,11,0,0.2222222222222222,0.75,3.6062222222222227,-1,-1,-1,3,1,"Büyük Sepet, Lüks Alışveriş",6.638372510258295,2.1691895129085577,0.17632550687668846,3.1823330964923358,,3.041555156633969,Orta
631541,54.12,3.0066666666666664,6.134107154935858,18,47.0,2.611111111111111,0.9383333333333334,4.35,0.3,4,13,0,0,0.0,18.0,2.611111111111111,-1,-1,1,2,1,"Büyük Sepet, Sık Alışveriş",0.0726645520830458,1.2334128325286022,5.335447914392644,1.0277132819265775,,1.9173096452327172,Düşük
634929,7.0,7.0,,1,20.0,20.0,0.35,0.35,0.35,1,1,0,0,0.0,1.0,20.0,-1,1,-1,2,1,Büyük Sepet,0.5605503952934692,17.585472957524463,0.0964447326553938,1.2250679415142731,,4.866884006746899,Yüksek
638391,584.75,7.902027027027027,10.960737148959216,74,91.196,1.2323783783783784,8.459999999999999,47.5,0.25,9,64,25,0,0.0,2.8461538461538463,1.2323783783783784,-1,-1,-1,3,1,Lüks Alışveriş,7.203455034392047,0.06311167148104291,0.4934440615941669,1.495407337674753,,2.313854526285503,Orta
641605,182.72,5.075555555555556,3.7314565861025715,36,213.645,5.934583333333333,2.451388888888889,13.95,0.25,5,35,48,0,0.027777777777777776,0.7346938775510204,5.934583333333333,-1,-1,-1,3,1,Büyük Sepet,1.8008360765444176,4.358719915044785,0.1812161665228902,0.520163314611102,,1.7152338681807984,Düşük
645309,172.10999999999999,14.3425,12.857363737280176,12,31.154,2.5961666666666665,7.983333333333333,33.45,0.75,5,11,32,0,0.16666666666666666,0.36363636363636365,2.5961666666666665,-1,-1,1,2,1,Büyük Sepet,1.6582552066024643,1.2193594645617525,0.2997776124914166,1.3355109279238158,,1.1282258028948622,Düşük
645554,100.0,20.0,19.131126469708992,5,15.0,3.0,6.8,8.0,6.0,1,2,0,0,1.0,5.0,3.0,-1,-1,1,2,1,Büyük Sepet,0.6892159482128105,1.599113857688254,1.181647654885321,0.9385652953253347,,1.1021356890279301,Düşük
645644,231.77,4.635400000000001,4.3090778453807275,50,100.532,2.01064,4.01,13.95,0.35,7,45,61,0,0.18,0.8064516129032258,2.01064,-1,-1,1,2,1,Kompleks Anomali,2.459987035135633,0.6687453730403745,0.15828791269768647,0.0026681277621555272,,0.8224221121589623,Düşük
648528,131.44,1.7294736842105263,1.2836717074982915,76,104.167,1.3706184210526315,1.6939473684210526,8.5,0.25,8,68,52,0,0.11842105263157894,1.4339622641509433,1.3706184210526315,-1,-1,-1,3,1,Kompleks Anomali,1.1117176024046107,0.06688567935232727,0.04221623391741956,0.774244810525294,,0.49876608154991287,Düşük
649534,251.21,3.588714285714286,4.6687306785751,70,74.821,1.0688714285714285,3.923142857142857,26.95,0.25,10,56,11,0,0.07142857142857142,5.833333333333333,1.0688714285714285,-1,-1,1,2,1,Sık Alışveriş,2.7212285159717844,0.21686936647708974,1.4479169022896363,0.02646784140724602,,1.103120656536439,Düşük
649671,133.95,1.9413043478260867,4.301729444634304,69,79.945,1.158623188405797,1.9178260869565216,27.9,0.25,4,38,45,0,0.0,1.5,1.158623188405797,-1,-1,-1,3,1,Kompleks Anomali,1.1454478553315006,0.13246913926800324,0.06331681578719554,0.6991453630145341,,0.5100947933503084,Düşük
652159,176.25,3.9166666666666665,3.582412848651285,45,57.931,1.2873555555555556,4.913555555555555,55.9,0.5,7,39,34,0,0.0,1.2857142857142858,1.2873555555555556,-1,-1,1,2,1,Kompleks Anomali,1.7138899664101634,0.011412559913414996,0.00515241925962843,0.30576314037162466,,0.5090545214887079,Düşük
6554,294.40000000000003,7.360000000000001,7.632059237527457,40,39.274,0.98185,7.608499999999999,27.45,0.5,8,37,5,0,0.0,6.666666666666667,0.98185,-1,-1,1,2,1,Sık Alışveriş,3.3016307565743244,0.2987020609784781,1.714186149693952,1.2097742057105785,,1.6310732932393335,Düşük
656013,310.18,7.7545,8.29656553904022,40,67.156,1.6789,5.92775,25.5,0.5,8,33,1,0,0.0,20.0,1.6789,-1,-1,-1,3,1,Sık Alışveriş,3.5136878845370028,0.35678568081804135,5.974494108163001,0.6459716378317923,,2.6227348278374594,Orta
658583,151.71,37.9275,42.52817997124573,4,8.75,2.1875,12.4375,23.9,0.2,3,4,14,0,0.0,0.26666666666666666,2.1875,-1,1,-1,2,1,"Büyük Sepet, Lüks Alışveriş",1.3841129118978612,0.8350599301225529,0.33076167037119153,2.8296478337258444,,1.3448955865293626,Düşük
659570,1796.6899999999998,19.96322222222222,106.31734990935307,90,645.242,7.169355555555555,3.784666666666667,19.9,0.25,10,77,69,0,0.05555555555555555,1.2857142857142858,7.169355555555555,-1,-1,-1,3,1,Büyük Sepet,23.489926242445815,5.519867688629913,0.00515241925962843,0.07291926593828749,,7.271966404068411,Yüksek
662954,602.19,54.74454545454546,114.79651287069974,11,159.008,14.455272727272728,5.077272727272727,11.45,1.45,4,9,18,0,0.0,0.5789473684210527,14.455272727272728,-1,-1,-1,3,1,Büyük Sepet,7.437819819668925,12.371355234437779,0.23098077344915324,0.3606815766768419,,5.100209351058175,Yüksek
670121,31.35,7.8375,4.295613072271136,4,51.0,12.75,4.9,9.5,0.25,4,4,0,0,0.0,4.0,12.75,-1,1,-1,2,1,Büyük Sepet,0.23332662685929811,10.767760988476669,0.8621245580001422,0.30121596974467524,,3.041107035770196,Orta
670380,44.08,14.693333333333333,18.669336713802483,3,4.0,1.3333333333333333,8.696666666666667,17.99,1.1,2,3,34,0,0.3333333333333333,0.08571428571428572,1.3333333333333333,-1,-1,1,2,1,Lüks Alışveriş,0.062256459624513844,0.0318237498611746,0.3885801355218429,1.5747964641944496,,0.5143642023004953,Düşük
67537,574.49,6.839166666666666,11.944490710504711,84,128.272,1.527047619047619,4.278095238095238,23.9,0.35,9,71,43,0,0.15476190476190477,1.9090909090909092,1.527047619047619,-1,1,-1,2,1,Kompleks Anomali,7.065577586172968,0.21398764010804772,0.19403080996749594,0.09259987470499056,,1.8915489777383758,Düşük
695493,39.2,39.2,,1,7.0,7.0,5.6,5.6,5.6,1,1,0,0,0.0,1.0,7.0,-1,-1,-1,3,1,Büyük Sepet,0.12783559678914438,5.360610116473245,0.0964447326553938,0.5360288791691286,,1.530229831271728,Düşük
696598,149.78,9.36125,8.06428907798656,16,42.108,2.63175,5.438125,18.45,0.4,5,14,0,0,0.0,16.0,2.63175,-1,-1,1,2,1,"Büyük Sepet, Sık Alışveriş",1.358176900683161,1.2528211083638607,4.696401720622287,0.48172839386472394,,1.9472820308835082,Düşük
697113,18.95,1.0527777777777778,0.8282639928368645,18,23.0,1.2777777777777777,0.9972222222222222,3.95,0.2,1,11,0,0,0.0,18.0,1.2777777777777777,-1,-1,1,2,1,Sık Alışveriş,0.3999621393268021,0.0204192537330614,5.335447914392644,1.0079591800226155,,1.6909471218687808,Düşük
700410,201.7,33.61666666666667,9.553358920644959,6,6.0,1.0,33.61666666666667,45.95,27.45,1,2,0,0,0.0,6.0,1.0,-1,-1,-1,3,1,"Lüks Alışveriş, Sık Alışveriş",2.0558959174019353,0.2816342717042412,1.5011707517704995,9.934136039704995,,3.443209245145418,Orta
705663,330.04,20.6275,41.277309747608314,16,26.044,1.62775,5.828125,27.9,0.5,3,12,49,0,0.4375,0.32,1.62775,-1,1,-1,2,1,Kompleks Anomali,3.7805734714406016,0.30868554740882825,0.3137204385373153,0.6125527291154907,,1.2538830466255588,Düşük
706525,102.41,25.6025,34.439202831463255,4,4.0,1.0,25.6025,76.0,3.41,2,3,7,0,0.0,0.5,1.0,-1,-1,-1,3,1,Lüks Alışveriş,0.7216023663617366,0.2816342717042412,0.25620628109798316,7.245807765972889,,2.1263126712842126,Orta
711913,27.9,27.9,,1,2.0,2.0,13.95,13.95,13.95,1,1,0,0,0.0,1.0,2.0,-1,-1,1,2,1,Lüks Alışveriş,0.2796889266990472,0.6587397929920065,0.0964447326553938,3.3370114415893957,,1.0929712234839608,Düşük
713717,26.07,13.035,11.278353159925434,2,14.100000000000001,7.050000000000001,1.75,2.7,0.8,1,2,0,0,0.0,2.0,7.050000000000001,-1,-1,1,2,1,Büyük Sepet,0.30428110313578366,5.407628819708058,0.2230783642297849,0.7554421226653659,,1.6726076024347483,Düşük
718813,36.25,18.125,13.258252147247767,2,3.0,1.5,11.25,13.75,8.75,1,2,0,0,0.0,2.0,1.5,-1,-1,1,2,1,Lüks Alışveriş,0.1674787227390748,0.1885527606438826,0.2230783642297849,2.4313045052379323,,0.7526035882126687,Düşük
719134,352.85,16.802380952380954,41.7045840291882,21,43.676,2.0798095238095238,6.759523809523809,19.9,0.9,7,18,21,0,0.0,0.9545454545454546,2.0798095238095238,-1,1,-1,2,1,Kompleks Anomali,4.087102184294132,0.7337905992982402,0.11096850978653827,0.9249876781137164,,1.4642122428731565,Düşük
72227,432.61,20.60047619047619,25.994310815290042,21,64.882,3.0896190476190477,8.017619047619048,32.9,0.5,7,21,43,0,0.047619047619047616,0.4772727272727273,3.0896190476190477,-1,1,-1,2,1,Büyük Sepet,5.158944803198011,1.6833892857719845,0.2634681696635554,1.3470119683854218,,2.113203556754743,Orta
723471,110.11999999999999,12.235555555555555,3.5903590040242186,9,18.0,2.0,10.735555555555555,13.95,1.5,2,6,0,0,0.0,9.0,2.0,-1,-1,1,2,1,"Lüks Alışveriş, Sık Alışveriş",0.8252120277427409,0.6587397929920065,2.4597400424260356,2.2587356527561515,,1.5506068789792335,Düşük
725246,61.14,20.38,9.45352844180415,3,3.5919999999999996,1.1973333333333331,24.183333333333334,38.9,5.75,2,3,17,0,0.0,0.16666666666666666,1.1973333333333331,-1,-1,1,2,1,Lüks Alışveriş,0.1670017534961005,0.0960671229375152,0.36271398005970934,6.769752546032598,,1.8488838506314809,Düşük
731010,202.97,12.685625,13.827504459711207,16,16.606,1.037875,11.780625,51.5,1.0,4,15,77,0,0.0,0.20512820512820512,1.037875,-1,-1,1,2,1,Lüks Alışveriş,2.0729626190820754,0.24601760400387074,0.3504246301795102,2.609301076757005,,1.3196764825056153,Düşük
732331,132.89000000000001,7.382777777777779,7.249494753636735,18,235.62,13.09,1.7077777777777778,4.5,0.25,3,15,75,0,0.4444444444444444,0.23684210526315788,13.09,-1,1,-1,2,1,Büyük Sepet,1.1312032066850852,11.087488170473392,0.3402913065940828,0.7696054410116028,,3.332147031191041,Orta
734965,108.71000000000001,36.23666666666667,60.685286794521566,3,7.625,2.5416666666666665,7.099999999999999,18.9,1.2,2,2,0,0,0.0,3.0,2.5416666666666665,-1,-1,-1,3,1,Büyük Sepet,0.8062639573734525,1.168109078035807,0.5426014611149635,1.039199399364386,,0.8890434739721522,Düşük
735447,337.44,18.746666666666666,62.794510531902205,18,122.45,6.802777777777778,3.2044444444444444,11.8,0.25,6,14,49,0,0.6666666666666666,0.36,6.802777777777778,-1,1,-1,2,1,Büyük Sepet,3.8800172450099186,5.175147453713707,0.30093951466190816,0.26755307752789015,,2.4059143227283557,Orta
737234,82.6,9.177777777777777,11.573977036630254,9,93.0,10.333333333333334,4.488888888888889,32.9,0.5,3,5,64,0,0.8888888888888888,0.13846153846153847,10.333333333333334,-1,-1,1,2,1,Büyük Sepet,0.45538869684711936,8.495190332127404,0.3717261699718555,0.16330997532078972,,2.371403793566792,Orta
738119,346.84,3.6129166666666666,4.165926425473227,96,98.552,1.0265833333333334,3.466666666666667,20.9,0.5,7,66,0,0,0.0,96.0,1.0265833333333334,-1,-1,-1,3,1,Sık Alışveriş,4.0063377141385095,0.2566359944843992,30.25824947143658,0.17959141621968214,,8.675203649069793,Yüksek
739310,242.33,6.5494594594594595,7.857215348520939,37,58.014,1.567945945945946,5.900810810810811,41.95,0.35,8,34,6,0,0.918918918918919,5.285714285714286,1.567945945945946,-1,-1,1,2,1,Kompleks Anomali,2.601895987688604,0.25244736601270334,1.2729399682810862,0.6369349672731508,,1.1910545723138861,Düşük
740008,171.19,14.265833333333333,41.204120592337354,12,38.826,3.2355,2.47,5.8,1.0,4,10,69,0,0.5833333333333334,0.17142857142857143,3.2355,-1,1,-1,2,1,Büyük Sepet,1.6458919266451981,1.8205719499242203,0.36119244150311325,0.5139202729716422,,1.0853941477610434,Düşük
740019,476.75000000000006,21.670454545454547,53.27237830489399,22,76.035,3.4561363636363636,4.879545454545454,13.9,0.9,4,17,43,0,0.045454545454545456,0.5,3.4561363636363636,-1,1,-1,2,1,Büyük Sepet,5.752113474191208,2.028052664016747,0.25620628109798316,0.29435455356019413,,2.0826817432165328,Orta
740583,147.23,2.5829824561403507,2.5088137243044066,57,55.28,0.9698245614035088,2.92140350877193,15.9,0.45,6,47,8,0,0.24561403508771928,6.333333333333333,0.9698245614035088,-1,-1,1,2,1,Sık Alışveriş,1.3239091138450854,0.31001047155121564,1.6076784507322257,0.36249831408715116,,0.9010240875539195,Düşük
743935,246.74,5.4831111111111115,4.85685542779118,45,47.574,1.0572,6.105777777777778,23.9,0.5,8,38,1,0,0.0,22.5,1.0572,-1,-1,-1,3,1,Sık Alışveriş,2.661159101396805,0.2278448752036159,6.7733018503759475,0.7056905242008926,,2.5919990877943153,Orta
748415,625.1,6.0689320388349515,7.415863218779707,103,127.212,1.2350679611650486,5.845922330097087,55.9,0.65,9,87,51,0,0.009708737864077669,1.9807692307692308,1.2350679611650486,-1,-1,-1,3,1,Kompleks Anomali,7.745692367300418,0.06058245758360479,0.21693368928968532,0.6185227903441829,,2.160432826129473,Orta
751290,161.48,3.8447619047619046,2.6766335227480664,42,154.129,3.669738095238095,2.6576190476190473,19.9,0.25,6,37,55,0,0.16666666666666666,0.75,3.669738095238095,-1,-1,1,2,1,Büyük Sepet,1.5154055697049187,2.228918192589224,0.17632550687668846,0.4509840237789657,,1.0929083232374492,Düşük
752055,206.22,3.7494545454545456,4.564440421742446,55,49.501,0.9000181818181818,6.206545454545455,37.9,0.25,5,48,1,0,0.0,27.5,0.9000181818181818,-1,-1,-1,3,1,Sık Alışveriş,2.1166372493658967,0.37565458046359873,8.370917334801842,0.7394927404262657,,2.900675476264401,Orta
753214,232.06,4.7359183673469385,4.4195168091693695,49,52.568,1.072816326530612,4.753877551020408,24.9,0.8,9,48,2,0,0.8979591836734694,16.333333333333332,1.072816326530612,-1,1,-1,2,1,Sık Alışveriş,2.4638841559917277,0.2131596867484003,4.8029094195840125,0.25219963063449763,,1.9330382232396597,Düşük
754674,120.34,9.256923076923076,7.957881192687101,13,318.0,24.46153846153846,0.78,5.95,0.15,4,6,56,0,0.9230769230769231,0.22807017543859648,24.46153846153846,-1,1,-1,2,1,Büyük Sepet,0.9625519420506355,21.780988015400027,0.3430941407772861,1.0808257257249658,,6.0418649559882285,Yüksek
757062,557.79,9.454067796610168,38.4771348187127,59,73.38,1.2437288135593219,3.6537288135593218,23.5,0.25,8,50,67,0,0.1694915254237288,0.8676470588235294,1.2437288135593219,-1,-1,-1,3,1,Kompleks Anomali,6.841157178253023,0.0524380166138678,0.13873455430196155,0.11684197771246953,,1.7872929317203303,Düşük
762179,182.23999999999998,30.37333333333333,53.74364805878614,6,17.955,2.9924999999999997,9.115,23.9,0.55,4,6,65,0,0.6666666666666666,0.09090909090909091,2.9924999999999997,-1,1,-1,2,1,"Büyük Sepet, Lüks Alışveriş",1.7943856696101912,1.5920610522030318,0.38692027527828354,1.715125131493349,,1.372123032146214,Düşük
762372,292.6,29.26,34.074357905420115,10,48.225,4.8225,4.734999999999999,18.95,0.25,5,8,42,0,0.0,0.23255813953488372,4.8225,-1,1,-1,2,1,Büyük Sepet,3.277441730570977,3.3129455905971654,0.34166013259053096,0.2458672125231966,,1.7944786665704675,Düşük
767746,60.0,30.0,3.5355339059327378,2,10.0,5.0,6.0,6.5,5.5,1,2,0,0,1.0,2.0,5.0,-1,-1,1,2,1,Büyük Sepet,0.15168203702731384,3.4798619870807497,0.2230783642297849,0.6702076845545307,,1.1312075182230947,Düşük
770304,134.87,11.239166666666668,16.220931740043525,12,20.93,1.7441666666666666,7.099166666666666,27.9,0.99,5,12,1,0,0.0,6.0,1.7441666666666666,-1,-1,1,2,1,Sık Alışveriş,1.1578111352887672,0.4181607614405497,1.5011707517704995,1.0389198601865,,1.0290156271715791,Düşük
771619,92.65,23.1625,5.204705403126418,4,4.0,1.0,23.1625,30.75,18.9,2,3,42,0,1.0,0.09302325581395349,1.0,-1,-1,1,2,1,Lüks Alışveriş,0.5904440920324755,0.2816342717042412,0.3862447507605559,6.4273170531219375,,1.9214100419048026,Düşük
773127,189.54,4.622926829268293,5.513467712747776,41,113.559,2.769731707317073,3.42609756097561,26.95,0.4,7,40,43,0,0.0975609756097561,0.9318181818181818,2.769731707317073,-1,-1,1,2,1,Büyük Sepet,1.8924856084015445,1.3825755273273448,0.11823039835211055,0.19320020156263246,,0.8966229339109081,Düşük
773877,6.89,6.89,,1,0.23,0.23,29.95,29.95,29.95,1,1,0,0,1.0,1.0,0.23,-1,-1,1,2,1,Lüks Alışveriş,0.5620286135492293,1.0057223015203518,0.0964447326553938,8.704163657005477,,2.592089826182613,Orta
774784,121.98,9.383076923076924,23.359863507240856,13,23.105,1.7773076923076923,11.865384615384615,37.9,1.0,2,12,58,0,0.3076923076923077,0.22033898305084745,1.7773076923076923,-1,-1,1,2,1,Lüks Alışveriş,0.984590832409241,0.44932572243080354,0.3455644353116348,2.6377334366000893,,1.1043036066879421,Düşük
775582,254.84,84.94666666666667,145.39989179271535,3,9.684999999999999,3.228333333333333,11.633333333333333,32.9,1.0,2,3,18,0,0.0,0.15789473684210525,3.228333333333333,-1,-1,-1,3,1,"Büyük Sepet, Lüks Alışveriş",2.770009718411868,1.8138326024605638,0.3655168142429127,2.5598925270656094,,1.8773129155452384,Düşük
775638,119.92,6.311578947368421,4.689525281776509,19,57.504000000000005,3.0265263157894737,5.943684210526317,33.45,0.5,7,16,0,0,0.0,19.0,3.0265263157894737,-1,-1,1,2,1,"Büyük Sepet, Sık Alışveriş",0.9569078359831878,1.6240585170886177,5.654971011277822,0.6513167211647442,,2.221813521378593,Orta
778844,200.38,6.261875,3.960866993312156,32,31.522,0.9850625,7.5878125,47.5,0.9,6,29,0,0,0.0,32.0,0.9850625,-1,-1,-1,3,1,Sık Alışveriş,2.038157298332814,0.29568110929564145,9.808771270785146,1.2028346456195524,,3.336361081008288,Orta
779454,26.7,26.7,,1,6.0,6.0,4.45,4.45,4.45,1,1,0,0,1.0,1.0,6.0,-1,-1,1,2,1,Büyük Sepet,0.2958149440346121,4.420236051776997,0.0964447326553938,0.1502648136860979,,1.2406901355382753,Düşük
781408,7.98,7.98,,1,0.19,0.19,42.0,42.0,42.0,1,1,0,0,0.0,1.0,0.19,-1,-1,-1,3,1,Lüks Alışveriş,0.5473808144694244,1.043337264108202,0.0964447326553938,12.746300169240715,,3.608365745118434,Orta
782370,18.29,9.145,12.522861094813758,2,72.16,36.08,1.025,1.8,0.25,2,2,12,0,0.5,0.15384615384615385,36.08,-1,-1,-1,3,1,Büyük Sepet,0.4088314488613628,32.70668791784013,0.36681043001977576,0.9986412074264072,,8.620242751036919,Yüksek
782433,136.99,22.831666666666667,6.971015468829966,6,17.846,2.9743333333333335,13.25,25.0,2.7,3,4,0,0,1.0,6.0,2.9743333333333335,-1,-1,-1,3,1,"Büyük Sepet, Lüks Alışveriş, Sık Alışveriş",1.1863004325815987,1.5749775900277172,1.5011707517704995,3.1021985321649423,,1.8411618266361893,Düşük
784502,418.13,16.7252,43.819037635864774,25,95.48,3.8192000000000004,3.6144,11.9,0.35,5,21,69,0,0.0,0.35714285714285715,3.8192000000000004,-1,1,-1,2,1,Büyük Sepet,4.964357527348861,2.3694682914874208,0.3018524377958658,0.13003471076400708,,1.9414282418490385,Düşük
784623,130.29,2.3266071428571427,2.6729175593760424,56,72.51,1.2948214285714286,2.952142857142857,55.9,0.2,9,49,4,0,0.0,11.2,1.2948214285714286,-1,-1,-1,3,1,Sık Alışveriş,1.0962635024580276,0.004391846558972488,3.162690855573429,0.3521868914803095,,1.1538832740176848,Düşük
785052,103.35,17.224999999999998,29.13114741990092,6,19.0,3.1666666666666665,16.35833333333333,74.5,0.3,2,5,51,0,0.3333333333333333,0.11538461538461539,3.1666666666666665,-1,-1,-1,3,1,"Büyük Sepet, Lüks Alışveriş",0.7342344132745957,1.755842868470962,0.37909977989997495,4.14487966568067,,1.7535141818315507,Düşük
786806,99.62,99.62,,1,5.006,5.006,19.9,19.9,19.9,1,1,0,0,1.0,1.0,5.006,-1,-1,-1,3,1,"Büyük Sepet, Lüks Alışveriş",0.6841093760565483,3.4855042314689273,0.0964447326553938,5.332921171697251,,2.39974487796953,Orta
790520,143.29,2.809607843137255,7.876987739176522,51,59.0,1.1568627450980393,2.002156862745098,28.9,0.25,5,26,32,0,0.0,1.5454545454545454,1.1568627450980393,-1,-1,1,2,1,Kompleks Anomali,1.2709620235933141,0.13412461449698657,0.07784059291834002,0.6708568561331959,,0.5384460217854592,Düşük
792033,45.8,22.9,4.242640687119285,2,2.0,1.0,22.9,25.9,19.9,2,2,0,0,0.0,2.0,1.0,-1,-1,1,2,1,Lüks Alışveriş,0.03914250144353751,0.2816342717042412,0.2230783642297849,6.339262212087766,,1.7207793373663323,Düşük
795915,251.31,6.792162162162162,21.800038370905977,37,83.813,2.265216216216216,3.652162162162162,17.5,0.35,8,35,55,0,0.02702702702702703,0.6607142857142857,2.265216216216216,-1,-1,1,2,1,Büyük Sepet,2.722572350749748,0.9081422442586085,0.20485435481286515,0.11736750624478517,,0.9882341140165016,Düşük
797115,213.69,3.815892857142857,3.703466080105705,56,60.49,1.0801785714285714,4.489821428571429,29.95,0.35,9,50,3,0,0.0,14.0,1.0801785714285714,-1,-1,-1,3,1,Sık Alışveriş,2.2170217072797884,0.20623642258841707,4.0573555268519295,0.163622792972234,,1.6610591124230922,Düşük
798326,590.52,3.910728476821192,4.716658859735036,151,197.907,1.3106423841059602,3.7195364238410593,33.5,0.2,9,123,14,0,0.019867549668874173,10.066666666666666,1.3106423841059602,-1,-1,-1,3,1,Sık Alışveriş,7.280994301080556,0.010485769704413651,2.8005646791035597,0.09476701138029041,,2.546702940317205,Orta
79883,27.67,13.835,0.7000357133746815,2,1.278,0.639,21.9,23.9,19.9,1,2,0,0,0.0,2.0,0.639,-1,-1,1,2,1,Lüks Alışveriş,0.2827797466883638,0.6211093090595866,0.2230783642297849,6.0038151986242605,,1.782695654650499,Düşük
798963,135.94,6.473333333333334,3.648404217371389,21,18.496,0.8807619047619047,10.587142857142856,32.5,2.0,3,14,0,0,0.0,21.0,0.8807619047619047,-1,-1,-1,3,1,"Lüks Alışveriş, Sık Alışveriş",1.172190167412979,0.39376268398992714,6.2940172050481795,2.2089510563135515,,2.5172302781911595,Orta
800761,95.7,19.14,14.612212358161237,5,33.0,6.6,7.37,25.45,0.5,3,5,31,0,0.8,0.15625,6.6,-1,-1,-1,3,1,Büyük Sepet,0.6314310527603696,4.984460490594746,0.36604234565226335,1.1297700929995327,,1.777925995501728,Düşük
802105,254.98999999999998,4.180163934426229,5.365387681489343,61,65.047,1.0663442622950818,4.330327868852459,23.9,0.45,6,37,0,0,1.0,61.0,1.0663442622950818,-1,1,-1,2,1,Sık Alışveriş,2.7720254705788134,0.2192458481005411,19.07494108045533,0.11012115469784227,,5.544083388458132,Yüksek
805639,394.08,4.988354430379746,5.82595682256654,79,99.022,1.2534430379746837,4.6451898734177215,25.0,0.25,8,65,0,0,0.0,79.0,1.2534430379746837,-1,-1,-1,3,1,Sık Alışveriş,4.641165263248581,0.04330301191502245,24.826356824388544,0.21574067378239212,,7.431641443333635,Yüksek
806685,74.5,37.25,39.244426355853385,2,11.0,5.5,8.0,9.5,6.5,2,2,0,0,0.0,2.0,5.5,-1,1,-1,2,1,Büyük Sepet,0.34653807983205637,3.9500490194288735,0.2230783642297849,1.341101711481541,,1.465191793743064,Düşük
808273,253.23999999999998,16.882666666666665,12.401088930681315,15,14.174,0.9449333333333333,18.826,37.9,1.95,4,9,70,0,0.0,0.2112676056338028,0.9449333333333333,-1,-1,-1,3,1,Lüks Alışveriş,2.748508361964448,0.33341753686684794,0.3484629499169432,4.972651079237447,,2.1007599819964216,Orta
808718,1560.63,70.93772727272727,305.6264047887757,22,99.907,4.541227272727273,8.862727272727271,38.5,0.5,4,22,49,0,1.0,0.44,4.541227272727273,-1,-1,-1,3,1,"Büyük Sepet, Lüks Alışveriş",20.31766986558461,3.048444012763512,0.2753776669110939,1.630500998551419,,6.317998135952658,Yüksek
80873,294.53,4.908833333333333,5.676966870883372,60,63.231,1.05385,5.179833333333334,20.9,0.25,8,39,13,0,1.0,4.285714285714286,1.05385,-1,-1,1,2,1,Kompleks Anomali,3.3033777417856767,0.23099512832034833,0.9534168713959075,0.39508522567887944,,1.2207187417952028,Düşük
815702,17.78,5.926666666666667,2.8892444225667946,3,2.655,0.8849999999999999,20.966666666666665,55.9,3.3,2,3,45,0,0.6666666666666666,0.06521739130434782,0.8849999999999999,1,-1,-1,2,1,Lüks Alışveriş,0.41568500622897786,0.38977728914430976,0.39512936670023474,5.690731319391656,,1.7228307453662945,Düşük
819308,81.65,27.21666666666667,23.00740822720659,3,109.0,36.333333333333336,0.7166666666666667,0.75,0.65,2,2,9,0,0.3333333333333333,0.3,36.333333333333336,-1,-1,-1,3,1,Büyük Sepet,0.44262226645646396,32.94491601422985,0.3201109004750189,1.102070703244321,,8.702429971101413,Yüksek
82176,134.41,3.5371052631578945,6.673974425877645,38,57.0,1.5,2.3226315789473686,9.9,0.4,7,33,1,0,0.0,19.0,1.5,-1,-1,1,2,1,Sık Alışveriş,1.1516294953101338,0.1885527606438826,5.654971011277822,0.5633545696925798,,1.8896269592311046,Düşük
822461,42.2,14.066666666666668,13.541171785829073,3,57.0,19.0,3.35,6.5,0.55,3,3,51,0,0.3333333333333333,0.057692307692307696,19.0,-1,1,-1,2,1,Büyük Sepet,0.08752055345023213,16.645098892828216,0.3975338047202737,0.21872690112375773,,4.337220038030621,Yüksek
823303,136.8,27.360000000000003,13.943385528629694,5,5.0,1.0,27.360000000000003,39.9,6.0,2,3,15,0,0.0,0.3125,1.0,-1,-1,-1,3,1,Lüks Alışveriş,1.1837471465034675,0.2816342717042412,0.31611686176395415,7.835355892135,,2.404213543026666,Orta
829275,14.78,7.39,6.873077913133241,2,36.295,18.1475,1.15,1.95,0.35,2,2,15,0,1.0,0.125,18.1475,-1,1,-1,2,1,Büyük Sepet,0.4560000495678901,15.843430002674666,0.37602744242992514,0.956710330743469,,4.408041956353988,Yüksek
829903,50.61,25.305,1.1101576464628797,2,2.436,1.218,21.2,23.9,18.5,2,2,0,0,0.0,2.0,1.218,-1,-1,1,2,1,Lüks Alışveriş,0.025495951376518493,0.07663272560045925,0.2230783642297849,5.769002289199808,,1.5235523326016425,Düşük
831109,55.85,18.616666666666667,3.5532848652104065,3,6.0,2.0,14.966666666666667,21.35,3.65,3,3,34,0,0.6666666666666666,0.08571428571428572,2.0,-1,-1,1,2,1,Lüks Alışveriş,0.09591289374181858,0.6587397929920065,0.3885801355218429,3.678049238610627,,1.2053205152165738,Düşük
83295,11.209999999999999,5.6049999999999995,5.663925317304245,2,1.174,0.587,28.75,55.9,1.6,2,2,20,0,0.0,0.09523809523809523,0.587,-1,-1,-1,3,1,Lüks Alışveriş,0.5039749511411956,0.6700087604237915,0.38553705840865077,8.301627240849271,,2.465287002705727,Orta
835552,285.41,8.9190625,8.671949722869,32,119.062,3.7206875,5.3275,22.9,0.5,5,29,76,0,0.03125,0.4155844155844156,3.7206875,-1,-1,1,2,1,Büyük Sepet,3.180820010035384,2.2768296914390307,0.2831790100558229,0.44461956800032343,,1.5463620698826404,Düşük
836571,156.91,5.061612903225806,11.784719229231893,31,54.206,1.7485806451612904,2.3845161290322583,9.9,0.5,7,26,63,0,0.6129032258064516,0.484375,1.7485806451612904,-1,-1,1,2,1,Kompleks Anomali,1.4539923203519758,0.4223115523390209,0.26119882948681405,0.5425955821870708,,0.6700245710912204,Düşük
841543,40.5,13.5,10.738789503477568,3,1.7650000000000001,0.5883333333333334,21.383333333333336,25.9,18.35,1,3,2,0,0.3333333333333333,1.0,0.5883333333333334,-1,-1,1,2,1,Lüks Alışveriş,0.11036574467561577,0.6687549283375298,0.0964447326553938,5.830500908334785,,1.6765165785008311,Düşük
845542,157.68,7.884,10.659474856226563,20,24.765,1.23825,7.883,47.95,0.85,6,15,0,0,0.0,20.0,1.23825,-1,1,-1,2,1,Sık Alışveriş,1.4643398481422967,0.05759015079036014,5.974494108163001,1.3018544109063108,,2.199569629500492,Orta
847111,34.9,17.45,14.778531726798843,2,3.0,1.5,10.475,13.95,7.0,2,2,63,0,0.0,0.03125,1.5,-1,-1,1,2,1,Lüks Alışveriş,0.1856204922415853,0.1885527606438826,0.4059827327629107,2.171333069803716,,0.7378722638630236,Düşük
849676,463.93,17.18259259259259,18.715959169525014,27,105.604,3.911259259259259,4.995925925925925,16.9,0.2,7,24,81,0,0.7407407407407407,0.32926829268292684,3.911259259259259,-1,1,-1,2,1,Büyük Sepet,5.579833855656255,2.4560384313099752,0.3107590049564283,0.33339403511024807,,2.1700063317582265,Orta
850115,21.8,21.8,,1,2.0,2.0,10.9,10.9,10.9,1,1,0,0,1.0,1.0,2.0,-1,-1,1,2,1,Lüks Alışveriş,0.36166284815483546,0.6587397929920065,0.0964447326553938,2.313898050525706,,0.8576863560819854,Düşük
850455,166.94,41.735,76.23727456653558,4,243.24,60.81,3.1875,7.3,0.65,3,4,49,0,0.0,0.08,60.81,-1,-1,-1,3,1,Büyük Sepet,1.588778948581739,55.96213853777834,0.39040598178975816,0.27323704081157735,,14.553640127240353,Yüksek
851116,469.98,7.46,7.874514424353722,63,153.0,2.4285714285714284,3.402539682539683,24.95,0.5,6,57,77,0,0.12698412698412698,0.8076923076923077,2.4285714285714284,-1,-1,-1,3,1,Büyük Sepet,5.661135859723061,1.0617572492903982,0.1578914820563897,0.20110262152750044,,1.7704718031493374,Düşük
853378,28.25,28.25,,1,1.0,1.0,28.25,28.25,28.25,0,0,0,0,0.0,1.0,1.0,-1,-1,1,2,1,Lüks Alışveriş,0.27498550497617413,0.2816342717042412,0.0964447326553938,8.133903734117519,,2.196742060863332,Orta
854889,8562.49,2140.6225,2468.031831647437,4,241.49,60.3725,19.625,35.65,1.4,2,3,8,0,0.0,0.4444444444444444,60.3725,-1,-1,-1,3,1,"Büyük Sepet, Lüks Alışveriş",114.41109964991664,55.55072488447372,0.2739575642582709,5.240673242994787,,43.86911383541085,Yüksek
856187,238.64,238.64,,1,9.985,9.985,23.9,23.9,23.9,1,1,0,0,0.0,1.0,9.985,-1,-1,-1,3,1,"Büyük Sepet, Lüks Alışveriş",2.5523084843817414,8.167626699591542,0.0964447326553938,6.674709225551271,,4.372772285544987,Yüksek
857136,43.7,2.080952380952381,2.3715752249547237,21,21.17,1.0080952380952382,2.0595238095238093,7.9,0.25,8,12,0,0,0.0,21.0,1.0080952380952382,-1,-1,1,2,1,Sık Alışveriş,0.067363031780776,0.2740217197519382,6.2940172050481795,0.6516132851647572,,1.8217538104364126,Düşük
858290,73.85,14.77,10.746022519983846,5,103.0,20.6,2.8899999999999997,9.35,0.5,2,5,0,0,0.0,5.0,20.6,-1,1,-1,2,1,Büyük Sepet,0.33780315377529196,18.149697396342212,1.181647654885321,0.37303252731697023,,5.010545183079948,Yüksek
861298,349.64,7.1355102040816325,11.806433638279684,49,57.853,1.1806734693877552,7.577551020408164,74.5,0.5,7,45,76,0,0.20408163265306123,0.6363636363636364,1.1806734693877552,-1,1,-1,2,1,Kompleks Anomali,4.043965087921495,0.11173362691330478,0.2126349497045497,1.1993924629367543,,1.391931531869026,Düşük
861506,140.00000000000003,17.500000000000004,31.09186572539053,8,14.736,1.842,8.66875,24.9,0.25,4,7,0,0,0.0,8.0,1.842,-1,-1,-1,3,1,"Lüks Alışveriş, Sık Alışveriş",1.2267498593983075,0.5101606907699994,2.140216945540857,1.5654319017352598,,1.3606398493611058,Düşük
863750,163.88,2.521230769230769,3.4919490025684023,65,77.444,1.1914461538461538,2.3552307692307695,24.65,0.25,5,44,0,0,0.0,65.0,1.1914461538461538,-1,1,-1,2,1,Sık Alışveriş,1.5476576043760486,0.10160327384147037,20.353033467996042,0.5524192686706845,,5.6386784037210615,Yüksek
866681,154.91,4.8409375,3.989465449983607,32,186.006,5.8126875,1.955625,12.75,0.25,4,30,26,0,0.0625,1.1851851851851851,5.8126875,-1,-1,-1,3,1,Büyük Sepet,1.4271156247927008,4.244092234783581,0.03727378878776814,0.6864658305219327,,1.5987368697214959,Düşük
86735,466.45,7.28828125,10.302386925566681,64,79.236,1.2380625,6.7284375,59.45,0.85,10,54,67,0,0.78125,0.9411764705882353,1.2380625,-1,-1,-1,3,1,Kompleks Anomali,5.613698492060942,0.05776647092749069,0.11524020894275726,0.9145598684243528,,1.6753162600888856,Düşük
868987,358.17,6.632777777777778,14.652867761902403,54,55.048,1.0194074074074075,6.88037037037037,78.3,0.25,6,47,71,0,0.0,0.75,1.0194074074074075,-1,-1,-1,3,1,Kompleks Anomali,4.158594194481802,0.2633840491153213,0.17632550687668846,0.9655252960370312,,1.3909572616277106,Düşük
870124,49.75,49.75,,1,1.0,1.0,49.75,49.75,49.75,1,1,0,0,0.0,1.0,1.0,-1,-1,-1,3,1,Lüks Alışveriş,0.013938972286030324,0.2816342717042412,0.0964447326553938,15.346014523582879,,3.934508125057136,Orta
870213,341.72999999999996,7.42891304347826,12.04152892253598,46,66.635,1.4485869565217393,5.389347826086956,27.9,0.85,7,41,3,0,0.0,11.5,1.4485869565217393,-1,-1,-1,3,1,Sık Alışveriş,3.9376677569845624,0.1402052679698257,3.2585477846389828,0.4653662365504032,,1.9504467615359435,Düşük
871394,35.0,35.0,,1,1.0,1.0,35.0,35.0,35.0,1,1,0,0,0.0,1.0,1.0,-1,-1,1,2,1,Lüks Alışveriş,0.18427665746362157,0.2816342717042412,0.0964447326553938,10.398171074996178,,2.7401316842048584,Orta
871702,212.55,3.1257352941176473,3.057400767199656,68,74.894,1.1013823529411766,3.7519117647058824,55.9,0.2,9,56,72,0,0.7647058823529411,0.9315068493150684,1.1013823529411766,-1,-1,1,2,1,Kompleks Anomali,2.2017019908110016,0.1862969363804774,0.11832987627766633,0.08390679997732255,,0.6475589008616169,Düşük
875140,159.91,7.614761904761904,18.37425117359824,21,28.213,1.3434761904761905,5.801428571428572,38.5,0.8,8,17,38,0,0.0,0.5384615384615384,1.3434761904761905,-1,-1,1,2,1,Kompleks Anomali,1.494307363690888,0.041361829660236625,0.243916931217784,0.6035974918810634,,0.595795904112493,Düşük
875281,265.0,132.5,0.0,2,100.0,50.0,2.65,2.65,2.65,1,1,0,0,1.0,2.0,50.0,-1,-1,-1,3,1,Büyük Sepet,2.906543331852984,45.79669489841189,0.2230783642297849,0.45353981054821135,,12.34496410126072,Yüksek
876406,119.73,7.483125,4.702319596043354,16,63.053,3.9408125,8.024375,38.5,0.35,5,16,20,0,0.875,0.7619047619047619,3.9408125,-1,-1,1,2,1,Büyük Sepet,0.9543545499050567,2.4838295324302924,0.17252166048519826,1.3492782324347137,,1.2399959938138152,Düşük
877098,65.4,32.7,10.18233764908628,2,2.0,1.0,32.7,39.9,25.5,1,2,0,0,1.0,2.0,1.0,-1,-1,1,2,1,Lüks Alışveriş,0.22424911503735595,0.2816342717042412,0.2230783642297849,9.626642944030117,,2.588901173750375,Orta
877099,325.06,21.670666666666666,68.7263048482547,15,114.802,7.6534666666666675,3.7066666666666666,7.95,1.5,6,13,45,0,0.7333333333333333,0.32608695652173914,7.6534666666666675,-1,1,-1,2,1,Büyük Sepet,3.7136504994980073,5.975113221950087,0.3117755153388838,0.09908413298844099,,2.5249058424438546,Orta
877677,88.47999999999999,29.49333333333333,25.339231111723446,3,12.030000000000001,4.010000000000001,12.0,20.95,5.8,2,3,73,0,0.6666666666666666,0.04054054054054054,4.010000000000001,-1,-1,1,2,1,"Büyük Sepet, Lüks Alışveriş",0.5344061817913873,2.548891663031465,0.40301419047765985,2.6828897653355614,,1.5423004501590185,Düşük
878679,938.92,93.892,94.50882366801055,10,258.0,25.8,6.412999999999999,16.45,0.99,1,8,0,0,0.0,10.0,25.8,-1,-1,-1,3,1,"Büyük Sepet, Sık Alışveriş",11.962914667506231,23.0396425327627,2.779263139311215,0.8087473011149581,,9.647641910173775,Yüksek
8792,30.0,30.0,,1,10.0,10.0,3.0,3.0,3.0,1,1,0,0,1.0,1.0,10.0,-1,-1,1,2,1,Büyük Sepet,0.2514683963618086,8.181732310561987,0.0964447326553938,0.3361333558359845,,2.2164446988537936,Orta
880161,587.92,39.19466666666666,93.4400859884226,15,16.842,1.1228,39.312,269.0,0.6,5,11,59,0,0.8,0.25,1.1228,-1,-1,-1,3,1,Lüks Alışveriş,7.246054596853498,0.16615633655954198,0.33608705531927785,11.844618597050813,,4.898229146445782,Yüksek
882620,294.89,6.018163265306122,5.232220160326058,49,130.832,2.6700408163265306,5.311836734693878,21.35,0.35,8,45,54,0,0.2653061224489796,0.8909090909090909,2.6700408163265306,-1,-1,1,2,1,Büyük Sepet,3.308215546986346,1.2888287989533778,0.1313017977701406,0.4393653724322983,,1.2919278790355404,Düşük
88594,39.81,2.6540000000000004,1.9707533004992208,15,14.85,0.99,11.949333333333332,37.9,0.2,3,14,0,0,0.0,15.0,0.99,-1,-1,1,2,1,"Lüks Alışveriş, Sık Alışveriş",0.11963820464356556,0.2910380123512037,4.376878623737108,2.6658937833200764,,1.8633621560129883,Düşük
891247,32.25,32.25,,1,5.0,5.0,6.45,6.45,6.45,1,1,0,0,1.0,1.0,5.0,-1,-1,1,2,1,Büyük Sepet,0.22123211385762445,3.4798619870807497,0.0964447326553938,0.8211588406131081,,1.154674418551719,Düşük
891329,330.36000000000007,15.01636363636364,60.304211615177756,22,29.65,1.3477272727272727,3.562272727272727,32.9,0.01,5,14,80,0,0.45454545454545453,0.2716049382716049,1.3477272727272727,-1,-1,-1,3,1,Kompleks Anomali,3.7848737427300865,0.04535943715604484,0.32918377853472147,0.14752064872036835,,1.076734401785305,Düşük
892621,150.23000000000002,7.1538095238095245,10.304738461596429,21,22.785,1.085,9.151904761904762,55.9,0.2,4,18,0,0,0.0,21.0,1.085,-1,-1,-1,3,1,"Lüks Alışveriş, Sık Alışveriş",1.3642241571839981,0.20170247620506018,6.2940172050481795,1.727504723656883,,2.39686214052353,Orta
893147,319.90000000000003,6.954347826086957,10.87435855623962,46,96.114,2.089434782608696,4.7823913043478266,42.0,0.35,6,44,18,0,0.0,2.4210526315789473,2.089434782608696,-1,-1,1,2,1,Kompleks Anomali,3.6443086249550785,0.742841943038971,0.35761440502354436,0.26176448403081526,,1.2516323642621021,Düşük
8932,157.1,12.084615384615384,9.005648797083431,13,12.04,0.9261538461538461,13.176923076923078,29.75,0.8,7,13,0,0,0.0,13.0,0.9261538461538461,-1,-1,1,2,1,"Lüks Alışveriş, Sık Alışveriş",1.4565456064301068,0.35107727955873336,3.7378324299667507,3.077685096565687,,2.1557851031303192,Orta
899706,181.32,22.665,36.684854017505835,8,32.0,4.0,6.28625,17.35,0.5,5,8,3,0,0.375,2.0,4.0,-1,1,-1,2,1,Büyük Sepet,1.782022389652925,2.539487922384502,0.2230783642297849,0.766229392158459,,1.3277045171064177,Düşük
900406,313.1,2.9261682242990656,2.3029085976585053,107,112.199,1.048588785046729,3.5929906542056074,35.95,0.45,9,93,64,0,0.0,1.646153846153846,1.048588785046729,-1,1,-1,2,1,Kompleks Anomali,3.552927860053544,0.23594263841119636,0.11001634533195241,0.13721641187094347,,1.009025813916909,Düşük
90087,173.67,3.0468421052631576,3.428643608262778,57,67.842,1.1902105263157894,2.898421052631579,18.9,0.35,8,43,11,0,0.0,4.75,1.1902105263157894,-1,-1,1,2,1,Kompleks Anomali,1.6792190291386988,0.10276522592464976,1.1017668806640262,0.3702077103614879,,0.8134897115222157,Düşük
9010,5609.19,224.36759999999998,763.4424162703214,25,1031.978,41.279120000000006,3.3572,9.5,0.8,6,22,32,0,0.48,0.7575757575757576,41.279120000000006,-1,-1,-1,3,1,Büyük Sepet,74.72362715231347,37.59580552508369,0.17390487735483107,0.21631168262682046,,28.177412309344703,Yüksek
901812,155.07,31.014,25.930330310275647,5,8.538,1.7076,15.88,23.5,6.45,2,4,0,0,1.0,5.0,1.7076,-1,-1,1,2,1,Lüks Alışveriş,1.4292657604374428,0.38377441647482363,1.181647654885321,3.9844241775739615,,1.7447780023428872,Düşük
9060,143.67,13.06090909090909,20.392456671301503,11,28.966,2.633272727272727,6.09909090909091,23.9,0.55,4,11,1,0,0.09090909090909091,5.5,2.633272727272727,-1,-1,1,2,1,"Büyük Sepet, Sık Alışveriş",1.2760685957495763,1.2542530415987392,1.3414092033279104,0.7034474340704601,,1.1437945686866715,Düşük
909049,67.45,16.8625,25.821998857563294,4,42.0,10.5,1.95,5.5,0.35,3,4,68,0,0.5,0.057971014492753624,10.5,-1,1,-1,2,1,Büyük Sepet,0.2517977279856126,8.65191934291011,0.39744475146027225,0.6883527199726648,,2.497378635582165,Orta
909739,380.45,5.5948529411764705,5.5579902124717275,68,82.784,1.2174117647058824,5.618823529411764,35.29,0.4,8,60,0,0,1.0,68.0,1.2174117647058824,-1,-1,-1,3,1,Sık Alışveriş,4.458000583012123,0.07718588681498637,21.311602758651578,0.5423431758931474,,6.597283101092959,Yüksek
910229,236.04,3.8070967741935484,3.6937183660277086,62,75.87,1.223709677419355,3.6596774193548387,34.5,0.65,7,47,0,0,1.0,62.0,1.223709677419355,-1,1,-1,2,1,Sık Alışveriş,2.5173687801546842,0.07126349303751599,19.394464177340506,0.11484653566409167,,5.5244857465492,Yüksek
910992,155.57,19.44625,17.734308104027388,8,37.501999999999995,4.687749999999999,8.1625,25.9,2.15,5,8,11,0,0.5,0.6666666666666666,4.687749999999999,-1,1,-1,2,1,Büyük Sepet,1.4359849343272615,3.1862301853793458,0.20295243161712004,1.3956118511693605,,1.5551948506232718,Düşük
912623,487.57,10.373829787234042,13.737765237094722,47,75.842,1.613659574468085,7.5651063829787235,41.95,0.4,8,44,23,0,0.0425531914893617,1.9583333333333333,1.613659574468085,-1,-1,-1,3,1,Kompleks Anomali,5.897516397166884,0.2954352766780816,0.2097649018595691,1.1952179464774124,,1.8994836305454867,Düşük
915218,32.25,32.25,,1,5.0,5.0,6.45,6.45,6.45,1,1,0,0,0.0,1.0,5.0,-1,-1,1,2,1,Büyük Sepet,0.22123211385762445,3.4798619870807497,0.0964447326553938,0.8211588406131081,,1.154674418551719,Düşük
917412,62.75,20.916666666666668,23.927198610228764,3,16.0,5.333333333333333,16.483333333333334,47.75,0.6,1,3,0,0,0.0,3.0,5.333333333333333,-1,-1,-1,3,1,"Büyük Sepet, Lüks Alışveriş",0.18863749342131672,3.793320008646165,0.5426014611149635,4.1868105423636095,,2.177842376386514,Orta
917507,310.7,22.192857142857143,71.39728732495821,14,115.0,8.214285714285714,2.85,10.0,0.5,2,12,51,0,0.0,0.2692307692307692,8.214285714285714,-1,1,-1,2,1,Büyük Sepet,3.5206758253824137,6.502492909318687,0.3299423803791783,0.38645040785551027,,2.6848903807339477,Orta
917822,341.69,5.423650793650793,5.080669660455078,63,77.962,1.2374920634920636,6.5901587301587305,55.9,0.35,7,54,57,0,0.0,1.0862068965517242,1.2374920634920636,-1,-1,-1,3,1,Kompleks Anomali,3.9371302230733773,0.05830289462511,0.06889963809632665,0.8681746680556914,,1.2331268559626263,Düşük
920570,149.34,21.334285714285716,18.601448740302335,7,120.391,17.198714285714285,4.478571428571429,8.95,0.6,4,5,77,0,0.14285714285714285,0.08974358974358974,17.198714285714285,-1,1,-1,2,1,Büyük Sepet,1.3522640276601205,14.951216524006075,0.3872926798201078,0.15984901407076943,,4.212655561389267,Yüksek
921900,20.35,5.0875,7.943904896208162,4,51.0,12.75,0.975,3.25,0.15,3,3,0,0,0.0,4.0,12.75,-1,1,-1,2,1,Büyük Sepet,0.3811484524353097,10.767760988476669,0.8621245580001422,1.0154135580995822,,3.256611889252926,Orta
9227,780.28,70.93454545454546,150.36641216466103,11,15.626,1.4205454545454546,70.35363636363637,375.0,0.5,4,9,76,0,0.2727272727272727,0.14285714285714285,1.4205454545454546,-1,-1,-1,3,1,Lüks Alışveriş,9.83105517574455,0.11383576677619894,0.37032167284268985,22.25744280825277,,8.143163855904053,Yüksek
922720,46.120000000000005,11.530000000000001,15.821038735388605,4,102.728,25.682,3.0875,7.0,0.35,3,4,55,0,1.0,0.07142857142857142,25.682,-1,-1,-1,3,1,Büyük Sepet,0.03484223015405343,22.92867839312854,0.39314475119163117,0.30678174215792786,,5.915861779158038,Yüksek
929203,253.55,8.743103448275862,25.58119693159806,29,61.614000000000004,2.1246206896551727,4.613448275862068,55.9,0.4,7,26,60,0,0.6206896551724138,0.47540983606557374,2.1246206896551727,-1,-1,-1,3,1,Kompleks Anomali,2.7526742497761356,0.7759298574682908,0.2640634064312253,0.20509304967978775,,0.9994401408388598,Düşük
930174,241.86,6.910285714285715,21.568682564380822,35,60.1,1.717142857142857,3.0834285714285716,9.0,0.25,6,31,51,0,0.11428571428571428,0.6730769230769231,1.717142857142857,-1,-1,1,2,1,Kompleks Anomali,2.5955799642321744,0.3927482718350678,0.20090420663708683,0.3081474907127435,,0.8743449833542682,Düşük
932802,188.81,2.3309876543209875,2.732379734287619,81,88.51,1.0927160493827162,2.300246913580247,13.75,0.2,9,60,7,0,0.0,10.125,1.0927160493827162,-1,-1,-1,3,1,Sık Alışveriş,1.8826756145224093,0.1944465034836384,2.819203526421862,0.5708634388373607,,1.3667972708163174,Düşük
933,2969.24,35.773975903614456,200.53999352929858,83,100.17699999999999,1.2069518072289156,35.86578313253012,1304.0,0.4,9,69,80,0,0.0,1.0246913580246915,1.2069518072289156,-1,-1,-1,3,1,Lüks Alışveriş,39.24706093145967,0.08702215954415156,0.08855527347304368,10.688595441110484,,12.527808451396838,Yüksek
938062,255.6,12.17142857142857,12.41808007934974,21,34.092,1.6234285714285714,11.684761904761904,37.9,0.8,5,20,59,0,0.19047619047619047,0.35,1.6234285714285714,-1,-1,1,2,1,Lüks Alışveriş,2.780222862724392,0.3046217880578195,0.30413474563076,2.5771440877580183,,1.4915308710427475,Düşük
939196,31.33,1.1603703703703703,1.0476584935408673,27,35.0,1.2962962962962963,0.9103703703703703,2.65,0.25,3,20,0,0,1.0,27.0,1.2962962962962963,-1,-1,1,2,1,Sık Alışveriş,0.2335953938148909,0.00300491920164933,8.211155786359251,1.037093374340094,,2.371212368428971,Orta
940953,50.3,7.185714285714285,4.292698673883586,7,62.0,8.857142857142858,2.442857142857143,7.95,0.5,4,7,0,0,0.0,7.0,8.857142857142858,-1,-1,-1,3,1,"Büyük Sepet, Sık Alışveriş",0.021330063564830862,7.107019093766277,1.8206938486556783,0.5230252633370802,,2.3680170673309666,Orta
942287,56.84,28.42,3.945655839020938,2,2.616,1.308,21.7,23.5,19.9,1,2,0,0,0.0,2.0,1.308,-1,-1,1,2,1,Lüks Alışveriş,0.10921685804365965,0.008000940222203113,0.2230783642297849,5.93672579593156,,1.5692554896068018,Düşük
943185,438.35,5.548734177215191,6.190450123870205,79,95.023,1.2028227848101265,5.775822784810127,55.9,0.5,6,59,43,0,0.012658227848101266,1.7954545454545454,1.2028227848101265,-1,1,-1,2,1,Kompleks Anomali,5.236080919453131,0.0909049851393302,0.1577213671396347,0.5950081072325223,,1.5199288447411545,Düşük
94348,67.6,22.53333333333333,1.4145081595145845,3,3.0,1.0,22.53333333333333,23.35,20.9,2,2,0,0,0.0,3.0,1.0,-1,-1,1,2,1,Lüks Alışveriş,0.2538134801525581,0.2816342717042412,0.5426014611149635,6.216264973817814,,1.8235785466973942,Düşük
945589,126.85999999999999,21.14333333333333,8.489882606176995,6,7.5760000000000005,1.2626666666666668,18.90833333333333,23.9,1.95,3,3,32,0,0.3333333333333333,0.18181818181818182,1.2626666666666668,-1,-1,1,2,1,Lüks Alışveriş,1.0501699695738713,0.03462935071069335,0.35787272101599454,5.000269550012608,,1.610735397828292,Düşük
9462,293.92,8.397714285714287,13.101618015415072,35,37.883,1.0823714285714285,8.186285714285713,76.0,0.2,10,32,69,0,0.5428571428571428,0.5,1.0823714285714285,-1,1,-1,2,1,Kompleks Anomali,3.2951803496400984,0.20417431660369031,0.25620628109798316,1.4035906979895991,,1.2897879113328428,Düşük
946400,570.21,7.4053246753246755,7.2944459016172,77,150.166,1.950207792207792,5.235844155844156,55.9,0.4,8,67,74,0,0.1038961038961039,1.0266666666666666,1.950207792207792,-1,-1,-1,3,1,Kompleks Anomali,7.00806145767612,0.6119164921602477,0.08792411673845572,0.41387388881176934,,2.030443988846648,Orta
951486,223.88,6.99625,9.337458986393495,32,43.767,1.36771875,6.12125,27.9,0.35,5,28,9,0,0.0,3.2,1.36771875,-1,-1,1,2,1,Kompleks Anomali,2.3539584711542934,0.06415890389828219,0.6065060804919994,0.7108806349369807,,0.9338760226203889,Düşük
955989,22.5,22.5,,1,6.0,6.0,3.75,3.75,3.75,1,1,0,0,1.0,1.0,6.0,-1,-1,1,2,1,Büyük Sepet,0.35225600470908924,4.420236051776997,0.0964447326553938,0.08454809573835573,,1.2383712212199591,Düşük
957558,123.35,10.279166666666667,14.501652857728342,12,170.0,14.166666666666666,3.4625,9.65,0.35,6,10,16,0,0.16666666666666666,0.7058823529411765,14.166666666666666,-1,1,-1,2,1,Büyük Sepet,1.003001368867344,12.099957580129685,0.19042211409221105,0.18098911210911348,,3.368592543799588,Orta
959173,482.25,16.075,27.090674531132,30,95.02499999999999,3.1674999999999995,5.712999999999999,32.9,0.5,6,26,39,0,0.1,0.75,3.1674999999999995,-1,1,-1,2,1,Büyük Sepet,5.8260243869792125,1.756626513524875,0.17632550687668846,0.5739343916905045,,2.08322769976782,Orta
961572,168.06,8.002857142857144,21.799953014366142,21,20.15,0.9595238095238094,8.651428571428571,101.0,0.45,8,19,74,0,0.8571428571428571,0.28,0.9595238095238094,-1,1,-1,2,1,Lüks Alışveriş,1.603829898094933,0.31969703146575607,0.32650136241272243,1.5596214802520527,,0.9524124430563661,Düşük
965205,299.6,21.400000000000002,46.05287479542484,14,28.858,2.0612857142857144,6.920714285714285,25.0,0.25,4,8,7,0,0.0,1.75,2.0612857142857144,-1,1,-1,2,1,Kompleks Anomali,3.371510165028439,0.7163712892426766,0.14319759000849022,0.9790585419505721,,1.3025343965575444,Düşük
970899,39.05,13.016666666666666,17.146817002969772,3,15.0,5.0,11.616666666666667,32.75,0.35,3,3,46,0,0.6666666666666666,0.06382978723404255,5.0,-1,-1,1,2,1,"Büyük Sepet, Lüks Alışveriş",0.12985134895609007,3.4798619870807497,0.3955727382500292,2.5543017435078843,,1.6398969544486883,Düşük
971650,259.96,8.665333333333333,13.77772583539832,30,37.468,1.2489333333333335,5.885,21.9,0.35,10,26,51,0,0.1,0.5769230769230769,1.2489333333333335,-1,-1,1,2,1,Kompleks Anomali,2.838814059043611,0.04754382119918852,0.2316275813375848,0.6316312780062275,,0.9374041848966529,Düşük
978836,53.61,13.4025,12.23797470989379,4,97.58,24.395,2.125,4.5,0.5,2,3,59,0,0.0,0.06666666666666667,24.395,-1,1,-1,2,1,Büyük Sepet,0.06581099471543074,21.71841697186447,0.39466628974822726,0.6296494926165515,,5.70213593723617,Yüksek
978848,385.84999999999997,7.280188679245282,8.858555510518986,53,70.098,1.3226037735849057,6.415471698113207,39.9,0.5,9,36,0,0,0.0,53.0,1.3226037735849057,-1,1,-1,2,1,Sık Alışveriş,4.5305676610221655,0.021733950148144495,16.5187563053739,0.8095764248652171,,5.470158585352356,Yüksek
982171,593.96,7.9194666666666675,7.833889975238621,75,134.008,1.7867733333333335,6.131733333333333,55.9,0.01,8,59,53,0,0.013333333333333334,1.3888888888888888,1.7867733333333335,-1,-1,-1,3,1,Kompleks Anomali,7.327222217442509,0.4582269657570414,0.02781424946662012,0.7143972377947897,,2.13191516761524,Orta
983066,75.8,25.266666666666666,5.831237718815221,3,6.0,2.0,17.266666666666666,21.9,8.0,2,2,0,0,0.0,3.0,2.0,-1,-1,1,2,1,Lüks Alışveriş,0.36400793194558495,0.6587397929920065,0.5426014611149635,4.449577369576687,,1.5037316389073105,Düşük
987882,103.32000000000001,11.48,19.267808645510264,9,5.614,0.6237777777777778,21.87,60.95,0.9,3,9,63,0,0.0,0.140625,0.6237777777777778,-1,-1,-1,3,1,Lüks Alışveriş,0.7338312628412068,0.6354238920444073,0.37103489404109424,5.993751788220356,,1.933510459286766,Düşük
993225,18.9,18.9,,1,1.355,1.355,13.95,13.95,13.95,1,1,0,0,1.0,1.0,1.355,-1,-1,1,2,1,Lüks Alışveriş,0.40063405671578395,0.052198521262926685,0.0964447326553938,3.3370114415893957,,0.971572188055875,Düşük
996580,161.35,20.16875,44.79246538601267,8,35.0,4.375,3.8125,9.5,0.4,6,8,61,0,0.25,0.12903225806451613,4.375,-1,1,-1,2,1,Büyük Sepet,1.513658584493566,2.892128196645595,0.3747390428457107,0.06358265739688666,,1.2110271203454397,Düşük
996629,409.73,4.764302325581395,6.767425705834866,86,108.753,1.2645697674418606,4.216627906976744,32.5,0.35,9,76,13,0,0.0,6.142857142857143,1.2645697674418606,-1,1,-1,2,1,Sık Alışveriş,4.851475405999907,0.03283972409919783,1.5468169084683825,0.07198084205571942,,1.6257782201558015,Düşük
998102,603.01,24.1204,43.67821047921568,25,68.885,2.7554000000000003,7.25,34.5,0.5,7,19,45,0,0.0,0.5434782608695652,2.7554000000000003,-1,1,-1,2,1,Büyük Sepet,7.4488392648482264,1.3690983614635521,0.242313972537758,1.0895164513839122,,2.537442012558362,Orta
999039,260.84999999999997,5.323469387755101,6.018698485767916,49,95.364,1.9462040816326531,3.341428571428571,19.9,0.35,5,41,9,0,0.9795918367346939,4.9,1.9462040816326531,-1,-1,1,2,1,Kompleks Anomali,2.850774188567488,0.6081515065728369,1.149695345196803,0.22160216123915932,,1.207555800394072,Düşük
999783,369.12,4.557037037037037,9.269302352988122,81,100.372,1.2391604938271605,6.275432098765432,37.9,0.75,7,47,46,0,0.0,1.7234042553191489,1.2391604938271605,-1,-1,-1,3,1,Kompleks Anomali,4.3057441026688315,0.056733946009232414,0.13469963530409715,0.7626005594973799,,1.314944560869885,Düşük
